# name,mass,star_name,ra,dec
HAT-P-54 b,"0,76",HAT-P-54,"99,8980416785","25,4825277998"
HD 47536 b,5,HD 47536,"99,4458333","-32,3397222"
HD 47366 b,"1,75",HD 47366,"99,420833347","-12,985000021"
HD 47366 c,"1,86",HD 47366,"99,420833347","-12,985000021"
7 CMa b,"2,46",7 CMa,"99,1708333","-19,2558333"
HD 47186 b,"0,07167",HD 47186,"99,0375","-27,6222222"
HD 47186 c,"0,35061",HD 47186,"99,0375","-27,6222222"
PSR 0636 b,8,PSR J0636,99,"51,483333343"
WASP-101 b,"0,5",WASP-101,"98,35","-23,4861"
HD 46375 b,"0,23",HD 46375,"98,3","5,4627778"
CoRoT-18 b,"3,47",CoRoT-18,"98,170833347","0,031388901"
CoRoT-20 b,"4,24",CoRoT-20,"97,730434","0,22692"
6 Lyn b,69,6 Lyn,"97,6958333","58,1627778"
WASP-12 b,"1,404",WASP-12,"97,6375","29,6722222"
HD 45652 b,"0,47",HD 45652,"97,3041667","10,9338889"
HD 45350 b,"1,79",HD 45350,"97,1875","38,9627778"
CoRoT-15 b,"63,4",CoRoT-15,"97,116666676","6,18624167266"
CoRoT-19 b,"1,11",CoRoT-19,"97,033333336","0,170555562"
HD 45364 b,"0,1872",HD 45364,"96,4083333","-31,4808333"
HD 45364 c,"0,6579",HD 45364,"96,4083333","-31,4808333"
HD 45184 b,"0,04",HD 45184,"96,1833333","-28,78"
HD 44219 b,"0,58",HD 44219,"95,0583333","-10,725"
HD 43691 b,"2,49",HD 43691,"94,8958333","41,0922222"
CoRoT-31 b,"0,85",CoRoT-31,"94,820833339","-4,422222235"
AB Pic b,"13,5",AB Pic,"94,8","-58,0541667"
XO-6 b,"1,9",XO-6,"94,79166667","73,827777803"
WASP-63 b,"0,38",WASP-63,"94,3375","-38,3233333"
HATS-4 b,"1,323",HATS-4,"94,112500009","-21,453055534"
HD 43197 b,"0,6",HD 43197,"93,4","-29,8972222"
HD 42618 b,"0,0453",HD 42618,"93,004166667","6,783055584"
KELT-2 A b,"1,486",KELT-2 A,"92,6625","30,9572222"
GJ 229 A b,"0,100682754932",GJ 229 A,"92,6442305532","-21,8646421676"
GJ 229 B,35,GJ 229 A,"92,6442305532","-21,8646421676"
HD 42012 b,"1,6",HD 42012,"92,4854166855","34,1353055598"
CD-35 2722 b,31,CD-35 2722,"92,3300429231","-35,8253322455"
HD 40979 b,"4,01",HD 40979,"91,1208333","44,2602778"
WASP-49 b,"0,378",WASP-49,"91,0894250072","-16,9652944757"
HD 41248 c,"0,0223",HD 41248,"90,1375","-56,1619"
GJ 27.1 b,"0,0409023691911",GJ 27.1,"9,99510797794","-43,7467781869"
HD 3651 b,"0,231",HD 3651,"9,8375","21,2502778"
HD 3651 c,"0,09",HD 3651,"9,8375","21,2502778"
HAT-P-16 b,"4,193",HAT-P-16,"9,575","42,4630556"
HAT-P-19 b,"0,292",HAT-P-19,"9,5166667","34,7116667"
WASP-93 b,"1,47",WASP-93,"9,45833335","51,288888899"
HD 41004 B b,"18,4",HD 41004 B,"89,9583333","-48,2397222"
HD 41004 A b,"2,54",HD 41004 A,"89,9541667","-48,2394444"
HD 40307 b,"0,012",HD 40307,"88,5166667","-60,0233333"
HD 40307 c,"0,0202",HD 40307,"88,5166667","-60,0233333"
HD 40307 d,"0,0275",HD 40307,"88,5166667","-60,0233333"
HD 40307 e,"0,011",HD 40307,"88,5166667","-60,0233333"
HD 40307 f,"0,0114",HD 40307,"88,5166667","-60,0233333"
HD 40307 g,"0,0223",HD 40307,"88,5166667","-60,0233333"
HD 39392 b,"13,2",HD 39392,"88,329166673","22,072222228"
BD-06 1339 b,"0,027",BD-06 1339,"88,25","-5,9947"
BD-06 1339 c,"0,17",BD-06 1339,"88,25","-5,9947"
BD-06 1339 d,"0,091",BD-06 1339,"88,25","-5,9947"
HATS-6 b,"0,319",HATS-6,"88,1467500117","-19,031666679"
HD 38858 b,"0,0961",HD 38858,"87,1458333","-4,0947222"
WASP-62 b,"0,57",WASP-62,"87,1416667","-63,9883333"
HD 38801 b,"10,7",HD 38801,"86,9958333","-8,3277778"
beta Pic b,7,beta Pic,"86,8208333","-51,0663889"
HD 38529 b,"0,93",HD 38529,"86,6416667","1,1680556"
HD 38529 c,"23,7",HD 38529,"86,6416667","1,1680556"
HD 39194 b,"0,0117",HD 39194,"86,1333333","-70,1436111"
HD 39194 c,"0,0187",HD 39194,"86,1333333","-70,1436111"
HD 39194 d,"0,0162",HD 39194,"86,1333333","-70,1436111"
HD 37605 b,"2,813",HD 37605,"85,0041667","6,0605556"
HD 37605 c,"3,366",HD 37605,"85,0041667","6,0605556"
HATS-44 b,"0,56",HATS-44,"84,3267083395","-27,9726111352"
HD 39091 b,"10,3",HD 39091,"84,2875","-80,4688889"
HD 37124 b,"0,675",HD 37124,"84,2583333","20,7305556"
HD 37124 c,"0,652",HD 37124,"84,2583333","20,7305556"
HD 37124 d,"0,696",HD 37124,"84,2583333","20,7305556"
HD 38283 b,"0,34",HD 38283,"84,2583333","-73,6994444"
Proplyd 133-353,13,Proplyd 133-353,"83,804166671","-5,398055575"
HD 35759 b,"3,76",HD 35759,"82,887500011","64,282777796"
CVSO 30 b ,"6,2",CVSO 30,"81,2833333","1,5733333"
CVSO 30 c,"4,7",CVSO 30,"81,2833333","1,5733333"
HD 290327 b,"2,54",HD 290327,"80,8416667","-2,2775"
HD 33564 b,"9,1",HD 33564,"80,6375","79,2311111"
HATS-43 b,"0,261",HATS-43,"80,5381666697","-30,970833356"
HD 3167 b,"0,0158",HD 3167,"8,73966668584","4,3814722414"
HD 3167 c,"0,0308",HD 3167,"8,73966668584","4,3814722414"
HD 3167 d,"0,0217",HD 3167,"8,73966668584","4,3814722414"
HD 2952 b,"1,6",HD 2952,"8,2917","54,895"
HD 34445 b,"0,79",HD 34445,"79,4208333","7,3533333"
GJ 3341 b,"0,35717",GJ 3341,"78,945833349","-31,296111127"
TYC-3667-1280-1 b,"5,4",TYC-3667-1280-1,"78,37500001","58,426111127"
KELT-7 b,"1,29",KELT-7,"78,295833337","33,318055563"
HD 33844 b,"1,96",HD 33844,"78,150000012","-13,048888869"
HD 33844 c,"1,75",HD 33844,"78,150000012","-13,048888869"
Kapteyn's b,"0,0151024132398",Kapteyn's,"77,920833347","-45,018333335"
Kapteyn's c,"0,0220243526413",Kapteyn's,"77,920833347","-45,018333335"
HD 32518 b,"3,04",HD 32518,"77,4041667","69,6394444"
HD 33283 b,"0,33",HD 33283,"77,0041667","-26,7972222"
HD 32963 b,"0,7",HD 32963,"76,983333352","26,328055571"
HD 33142 b,"1,3",HD 33142,"76,9","-13,9863889"
WASP-35 b,"0,72",WASP-35,"76,0817733399","-6,22982307041"
GJ 3323 b,"0,00636",GJ 3323,"75,4895833525","-6,9460833622"
GJ 3323 c,"0,00727",GJ 3323,"75,4895833525","-6,9460833622"
WASP-61 b,"2,06",WASP-61,"75,3","-26,0541667"
WISE 0458+6434 b,13,WISE 0458+6434 A,"74,725000018","64,581388912"
HD 31527 b,"0,0363",HD 31527,"73,9083333","-23,2419444"
HD 31527 c,"0,0498",HD 31527,"73,9083333","-23,2419444"
HD 31527 d,"0,0519",HD 31527,"73,9083333","-23,2419444"
HD 31253 b,"0,5",HD 31253,"73,6833333","12,3522222"
GJ 180 b,"0,0261145895605",GJ 180,"73,4582490167","-17,7734139096"
GJ 180 c,"0,0201365509864",GJ 180,"73,4582490167","-17,7734139096"
GJ 179 b,"0,82",GJ 179,"73,025","6,4766667"
WASP-82 b,"1,24",WASP-82,"72,6625","1,8939"
HD 30856 b,"1,8",HD 30856,"72,575","-24,3688889"
HD 30562 b,"1,29",HD 30562,"72,15","-5,6741667"
HD 30669 b,"0,47",HD 30669,"72,120833343","-28,419166677"
WASP-141 b,"2,69",WASP-141,"71,825000006","-17,115277792"
GJ 176 b,"0,0265",GJ 176,"70,7333333","18,9580556"
HD 30177 b,"8,07",HD 30177,"70,475","-58,0205556"
HD 30177 c,3,HD 30177,"70,475","-58,0205556"
2M 0441+23 b,"7,5",2M 0441+23,"70,4375","23,0308333"
LP 358-499 b,"0,0069",LP 358-499,"70,150000012","25,010000008"
LP 358-499 c,"0,01",LP 358-499,"70,150000012","25,010000008"
LP 358-499 d,"0,026",LP 358-499,"70,150000012","25,010000008"
HD 2638 b,"0,48",HD 2638,"7,4958333","-5,7638889"
BD-17 63 b,"5,1",BD-17 63,"7,1416667","-16,2263889"
Qatar-5 b,"4,32",Qatar-5,"7,054166671","42,061388899"
LKCA 15 b,6,LKCA 15,"69,825","22,3508333"
HD 29021 b,"2,4",HD 29021,"69,4675000174","60,6761944654"
51 Eri b,"9,1",51 Eri,"69,4005514287","-2,47354859817"
Aldebaran b,"6,47",Aldebaran,"68,9791667","16,5091667"
WASP-100 b,"2,03",WASP-100,"68,9583","-64,0269"
CI Tau b,"12,31",CI Tau,"68,466666684","22,84166669"
V830 Tau b,"0,77",V830 Tau,"68,29166667","24,561944465"
HD 28678 b,"1,7",HD 28678,"67,8541667","4,5752778"
DH Tau b,11,DH Tau,"67,425","26,5494444"
FW Tau b,10,FW Tau,"67,37500001","26,281388906"
HATS-5 b,"0,237",HATS-5,"67,225000018","-20,518055534"
eps Tau b,"7,34",eps Tau,"67,1541667","19,1805556"
GJ 3293 b,"0,07406",GJ 3293,"67,150000012","-25,169166672"
GJ 3293 c,"0,06636",GJ 3293,"67,150000012","-25,169166672"
GJ 3293 d,"0,024",GJ 3293,"67,150000012","-25,169166672"
GJ 3293 e,"0,0103",GJ 3293,"67,150000012","-25,169166672"
HD 283668 b,"53,4",HD 283668,"66,970833351","24,44472224"
HD 28185 b,"5,7",HD 28185,"66,6083333","-10,5505556"
WASP-79 b,"0,9",WASP-79,"66,3708333","-30,6005556"
HAT-P-15 b,"1,946",HAT-P-15,"66,25","39,4605556"
HD 28254 b,"1,16",HD 28254,"66,2125","-50,6222222"
FU Tau b,15,FU Tau,"65,8958333","25,0508333"
XO-3 b,"11,79",XO-3,"65,4708333","57,8169444"
RR Cae b,"4,2",RR Cae,"65,275","-48,6519444"
HD 27894 b,"0,665",HD 27894,"65,1958333","-59,4108333"
HD 27894 c,"0,162",HD 27894,"65,1958333","-59,4108333"
HD 27894 d,"5,415",HD 27894,"65,1958333","-59,4108333"
HD 27631 b,"1,45",HD 27631,"64,9375","-41,9602778"
TAP 26 b,"1,73",TAP 26,"64,716666684","17,388055567"
HD 27442 b,"1,35",HD 27442,"64,1208333","-59,3019444"
WASP-78 b,"1,16",WASP-78,"63,7583333","-22,1163889"
WASP-126 b,"0,28",WASP-126,"63,37500001","-69,226944457"
K2-29 b,"0,73",EPIC 211089792,"62,670833347","24,401944454"
WASP-120 b,"5,06",WASP-120,"62,616666676","-45,898333363"
GJ 163 b,"0,0334",GJ 163,"62,3167","-53,3736"
GJ 163 c,"0,02285",GJ 163,"62,3167","-53,3736"
GJ 163 d,"0,06945",GJ 163,"62,3167","-53,3736"
HD 285507 b,"0,917",HD 285507,"61,754166667","15,335000008"
HD 284149 b,32,HD 284149,"61,662500013","20,303055564"
GJ 160.2 b,"0,0320926281345",GJ 160.2,"61,6451723449","-19,1468780083"
WASP-140 b,"2,44",WASP-140,"60,387500011","-20,451111121"
HATS-46 b,"0,173",HATS-46,"6,70241668286","-56,31611113"
HD 2039 b,"6,11",HD 2039,"6,0833333","-56,65"
EPIC 210894022 b,"0,027",EPIC 210894022,"59,8897541778","21,2986861291"
HD 24064 b,"9,4",HD 24064,"59,150000012","74,080000012"
HD 25171 b,"0,95",HD 25171,"58,9541667","-65,1866667"
WASP-98 b,"0,83",WASP-98,"58,425","-34,3283"
HD 24040 b,"4,01",HD 24040,"57,5958333","17,4763889"
HD 23596 b,"8,1",HD 23596,57,"40,5305556"
HII 1348 b,59,HII 1348,"56,825000006","24,390833347"
Teide 1,54,Teide 1,"56,824687506","24,3754750144"
WASP-119 b,"1,23",WASP-119,"55,941666682","-65,193888901"
K2-77 b,"1,9",K2-77,"55,2284166849","12,5726111272"
HD 22781 b,"13,65",HD 22781,"55,2083333","31,8263889"
HD 23079 b,"2,45",HD 23079,"54,9291667","-52,9158333"
HD 23127 b,"1,5",HD 23127,"54,85","-60,0777778"
UZ For (AB) d,"7,7",UZ For (AB),"53,8708333","-25,7394444"
BD+20 594 b,"0,0513",BD+20 594,"53,650000012","20,599166691"
eps Eridani b,"3,09",eps Eridani,"53,2291667","-9,4580556"
WASP-22 b,"0,617",WASP-22,"52,8166667","-23,8197222"
sig Per b,"6,5",sig Per,"52,645833345","47,995277807"
K2-30 b,"0,624",K2-30,"52,341666674","22,299444463"
HD 21693 b,"0,0322",HD 21693,"51,8","-58,3236111"
HD 21693 c,"0,06472",HD 21693,"51,8","-58,3236111"
HD 20868 b,"1,99",HD 20868,"50,1791667","-33,73"
HD 20781 b,"0,0379",HD 20781,"50,0125","-28,7838889"
HD 20781 c,"0,0496",HD 20781,"50,0125","-28,7838889"
HD 20782 b,"1,9",HD 20782,"50,0125","-28,8538889"
HATS-30 b,"0,706",HATS-30,"5,61870834283","-59,9425555816"
HD 1690 b,"6,1",HD 1690,"5,3041667","-8,2811111"
WASP-45 b,"1,007",WASP-45,"5,2375","-35,9983333"
HD 1666 b,"6,43",HD 1666,"5,216666684","-19,931111141"
WASP-1 b,"0,86",WASP-1,"5,1666667","31,99"
WASP-20 b,"0,313",WASP-20,"5,16056709618","-23,9357130761"
HD 1605 b,"0,96",HD 1605,"5,133333344","30,974722248"
HD 1605 c,"3,48",HD 1605,"5,133333344","30,974722248"
HD 20794 b,"0,00887",HD 20794,"49,9833333","-43,0697222"
HD 20794 d,"0,0111",HD 20794,"49,9833333","-43,0697222"
HD 20794 e,"0,015",HD 20794,"49,9833333","-43,0697222"
WASP-139 b,"0,117",WASP-139,"49,562500005","-41,30222223"
HD 20367 b,"1,07",HD 20367,"49,4166667","31,1269444"
HAT-P-25 b,"0,567",HAT-P-25,"48,4375","25,1975"
HD 19994 b,"1,68",HD 19994,"48,1916667","-1,1958333"
HIP 14810 b,"3,88",HIP 14810,"47,8083333","21,0972222"
HIP 14810 c,"1,28",HIP 14810,"47,8083333","21,0972222"
HIP 14810 d,"0,57",HIP 14810,"47,8083333","21,0972222"
WASP-11-HAT-P-10 b,"0,46",WASP-11-HAT-P-10,"47,3708333","30,6736111"
HD 20003 b,"0,0378",HD 20003,"46,9083333","-72,3219444"
HD 20003 c,"0,0422",HD 20003,"46,9083333","-72,3219444"
HD 19467 b,52,HD 19467,"46,829166673","-13,761666691"
BD+49 828 b,"1,6",BD+49 828,"45,641666678","49,730000025"
HD 18742 b,"2,7",HD 18742,"45,0458333","-20,8025"
HAT-P-48 b,"0,168",HAT-P-48,"44,470833351","30,625833353"
WASP-50 b,"1,437",WASP-50,"43,6875","-10,8980556"
HD 17674 b,"0,87",HD 17674,"42,7679166681","30,2867500084"
HAT-P-52 b,"0,819",HAT-P-52,"42,720833351","29,022500005"
HD 17156 b,"3,195",HD 17156,"42,4333333","71,7533333"
HIP 12961 b,"0,35",HIP 12961,"41,6791667","-23,0866667"
WASP-138 b,"1,22",WASP-138,"41,6390416778","-0,463888909"
HD 17092 b,"4,6",HD 17092,"41,5916667","49,6530556"
WASP-72 b,"1,461",WASP-72,"41,0417","-30,1692055556"
BD+48 738 b,"0,91",BD +48 738,"40,7083333","49,5869444"
HR 810 b,"2,26",HR 810,"40,6291667","-50,8033333"
Qatar-4 b,"5,85",Qatar-4,"4,858333342","44,027500009"
HD 1502 b,"3,1",HD 1502,"4,8208333","14,0547222"
HD 1461 b,"0,0203",HD 1461,"4,675","-8,0530556"
HD 1461 c,"0,0176",HD 1461,"4,675","-8,0530556"
WASP-26 b,"1,028",WASP-26,"4,6041667","-15,2672222"
GJ 15 A b,"0,0168328980902",GJ 15 A,"4,59535550763","44,0229522831"
GJ 3021 b,"3,37",GJ 3021,"4,05","-79,8511111"
WASP-99 b,"2,78",WASP-99,"39,8958","-50,0081"
81 Cet b,"5,3",81 Cet,"39,425","-3,3961111"
HD 16175 b,"4,77",HD 16175,"39,2583333","42,0625"
HD 16417 b,"0,069",HD 16417,"39,2458333","-34,5780556"
30 Ari B b,"9,88",30 Ari B,"39,2416667","24,6480556"
HD 16141 b,"0,215",HD 16141,"38,8291667","-3,5605556"
HIP 11915,"0,99",HIP 11915,"38,454166683","-19,611944466"
HAT-P-47 b,"0,206",HAT-P-47,"38,308333338","30,360555571"
75 Cet b,3,75 Cet,"38,0375","-1,035"
WASP-77 A b,"1,76",WASP-77A,"37,1542","-7,0606"
WASP-117 b,"0,2755",WASP-117,"36,775000002","-50,284444451"
WASP-33 b,"2,1",WASP-33,"36,7125","37,5505556"
HD 224693 b,"0,71",HD 224693,"359,975","-22,4280556"
WASP-8 b,"2,244",WASP-8,"359,9","-35,0313889"
HD 224538 b,"5,97",HD 224538,"359,716666684","-61,586666681"
WASP-5 b,"1,637",WASP-5,"359,35","-41,2772222"
Qatar-3 b,"4,31",Qatar-3,"359,150000012","36,21305557"
HATS-16 b,"3,27",HATS-16,"358,558500005","-30,0130000104"
WASP-29 b,"0,242897146273",WASP-29,"357,8791667","-39,9066667"
WASP-91 b,"1,34",WASP-91,"357,845833341","-70,152777783"
WASP-60 b,"0,5",WASP-60,"356,6667","31,1558"
HD 222582 b,"7,75",HD 222582,"355,4625","-5,9855556"
kappa And b,14,kappa And,"355,1042","44,3339"
gamma Cephei b,"11,1",gamma Cephei,"354,8333333","77,6322222"
HAT-P-6 b,"1,057",HAT-P-6,"354,775","42,4661111"
HD 222076 b,"1,56",HD 222076,"354,533333336","-70,903333354"
HD 222155 b,"1,9",HD 222155,"354,5","48,9963889"
HIP 116454 b,"0,0372",HIP 116454,"353,954166683","0,445555574"
WASP-28 b,"0,907",WASP-28,"353,6166667","-1,58"
WASP-4 b,"1,237",WASP-4,"353,5625","-42,0613889"
HD 221585 b,"1,61",HD 221585,"353,225000018","63,1554805629"
HD 221287 b,"3,09",HD 221287,"352,8333333","-58,2097222"
14 And b,"5,33",14 And,"352,8208333","39,2361111"
GJ 9827 b,"0,0134",GJ 9827,"352,104166695","-1,286388897"
GJ 9827 c,"0,00827",GJ 9827,"352,104166695","-1,286388897"
GJ 9827 d,"0,0167",GJ 9827,"352,104166695","-1,286388897"
HD 220842 b,"3,18",HD 220842,"351,654166679","56,886666687"
HD 220773 b,"1,45",HD 220773,"351,6125","8,6438889"
HD 220689 b,"1,06",HD 220689,"351,4708333","-20,6161111"
HD 220074 b,"11,1",HD 220074,"350,0583","61,97"
HAT-P-38 b,"0,267",HAT-P-38,"35,3830000106","32,2463333484"
HD 219828 b,"0,0661",HD 219828,"349,6958333","18,6458333"
HD 219828 c,"15,1",HD 219828,"349,6958333","18,6458333"
WASP-59 b,"0,7",WASP-59,"349,625","24,8892"
WASP-10 b,"3,16",WASP-10,"348,9916667","31,4627778"
91 Aqr b,"3,2",91 Aqr,"348,9708333","-9,0875"
HD 240237 b,"5,3",HD 240237,"348,925","58,0433333"
HD 219415 b,1,HD 219415,"348,725","56,7303"
HD 219077 b,"10,39",HD 219077,"348,5292","-62,7"
WASP-52 b,"0,46",WASP-52,"348,4958","8,7614"
HD 219134 b,"0,012",HD 219134,"348,320833339","57,168333338"
HD 219134 c,"0,011",HD 219134,"348,320833339","57,168333338"
HD 219134 d,"0,067",HD 219134,"348,320833339","57,168333338"
HD 219134 e,"0,0117",HD 219134,"348,320833339","57,168333338"
HD 219134 g,"0,034",HD 219134,"348,320833339","57,168333338"
HD 219134 h,"0,28",HD 219134,"348,320833339","57,168333338"
WASP-6 b,"0,503",WASP-6,"348,1583333","-22,6738889"
HD 240210 b,"6,9",HD 240210,"347,6208333","57,0294444"
WASP-21 b,"0,3",WASP-21,"347,4916667","18,3961111"
HD 218566 b,"0,21",HD 218566,"347,2958333","-2,2608333"
HR 8799 b,7,HR 8799,"346,8708333","21,1341667"
HR 8799 c,10,HR 8799,"346,8708333","21,1341667"
HR 8799 d,10,HR 8799,"346,8708333","21,1341667"
HR 8799 e,9,HR 8799,"346,8708333","21,1341667"
TRAPPIST-1 b,"0,0027",TRAPPIST-1,"346,620833343","-5,041388896"
TRAPPIST-1 c,"0,00434",TRAPPIST-1,"346,620833343","-5,041388896"
TRAPPIST-1 d,"0,0013",TRAPPIST-1,"346,620833343","-5,041388896"
TRAPPIST-1 e,"0,002",TRAPPIST-1,"346,620833343","-5,041388896"
TRAPPIST-1 f,"0,0021",TRAPPIST-1,"346,620833343","-5,041388896"
TRAPPIST-1 g,"0,00422",TRAPPIST-1,"346,620833343","-5,041388896"
HATS-32 b,"0,92",HATS-32,"346,075000006","-21,271944454"
HD 217786 b,13,HD 217786,"345,7833333","0,4297222"
BD+24 4697 b,53,BD+24 4697,"345,412500013","25,788055575"
HD 217107 b,"1,33",HD 217107,"344,5625","-2,395"
HD 217107 c,"2,49",HD 217107,"344,5625","-2,395"
HAT-P-1 b,"0,525",HAT-P-1,"344,4458333","38,675"
Fomalhaut b,3,Fomalhaut,"344,4125","-29,6222222"
51 Peg b,"0,47",51 Peg,"344,3625","20,7686111"
HD 216770 b,"0,65",HD 216770,"343,9708333","-26,6586111"
TYC 4282-605-1 b,"10,78", TYC 4282-605-1,"343,87190876","62,2391247315"
HD 216437 b,"1,82",HD 216437,"343,6625","-70,0736111"
HD 216435 b,"1,26",HD 216435,"343,4041667","-48,5980556"
GJ 876 b,"1,938",GJ 876,"343,3041667","-14,2536111"
GJ 876 c,"0,856",GJ 876,"343,3041667","-14,2536111"
GJ 876 d,"0,022",GJ 876,"343,3041667","-14,2536111"
GJ 876 e,"0,045",GJ 876,"343,3041667","-14,2536111"
HAT-P-8 b,"1,34",HAT-P-8,"343,0416667","35,4472222"
WASP-75 b,"1,07",WASP-75,"342,3875","-10,6755"
HD 215497 b,"0,02",HD 215497,"341,6541667","-56,5994444"
HD 215497 c,"0,33",HD 215497,"341,6541667","-56,5994444"
HD 215456 b,"0,101",HD 215456,"341,5333333","-48,9677778"
HD 215456 c,"0,246",HD 215456,"341,5333333","-48,9677778"
HD 215152 b,"0,0087",HD 215152,"340,8375","-6,4008333"
HD 215152 c,"0,0097",HD 215152,"340,8375","-6,4008333"
PSR J2241-5236 b,12,PSR J2241-5236,"340,425000014","-52,61000002"
HD 214823 b,"19,2",HD 214823,"340,082916673","31,7875916857"
2M 0219-39 b,"13,9",2M 0219-39,"34,841666674","-39,423055569"
HD 12648 b,"2,9",HD 12648,"34,75","85,736111128"
HD 13908 b,"0,865",HD 13908,"34,562500005","65,594444465"
HD 13908 c,"5,13",HD 13908,"34,562500005","65,594444465"
HD 14067 b,"7,8",HD 14067,"34,2934990035","23,7678282663"
HD 13931 b,"1,88",HD 13931,"34,1958333","43,7730556"
K2-39 b,"0,125",K2-39,"339,866666676","-9,022777783"
WASP-112 b,"0,88",WASP-112,"339,487500019","-35,153888895"
2M 2236+4751 b,"12,5",2M 2236+4751,"339,104166675","47,861944471"
HD 216536 b,"1,47",HD 216536,"338,95","44,477777796"
K2-60 b,"0,426",K2-60,"338,606208342","-13,7317028041"
HD 213240 b,"4,5",HD 213240,"337,75","-49,4330556"
WASP-95 b,"1,13",WASP-95,"337,4583","-48,0031"
HD 212301 b,"0,4",HD 212301,"336,875","-77,7177778"
HD 212771 b,"2,3",HD 212771,"336,7625","-17,2636111"
WASP-102 b,"0,624",WASP-102,"336,464362517","15,8567472446"
HAT-P-40 b,"0,615",HAT-P-40,"335,5125","45,4575"
HD 211847 b,"19,2",HD 211847,"335,233333352","-41,430000019"
HIP 109600 b,"2,68",HIP 109600,"333,025000002","29,065833347"
HD 210702 b,"1,9",HD 210702,"332,9625","16,0405556"
WASP-124 b,"0,6",WASP-124,"332,712500017","-30,749444472"
GJ 849 b,"0,9",GJ 849,"332,4167","-4,6408"
GJ 849 c,"0,77",GJ 849,"332,4167","-4,6408"
HD 210277 b,"1,23",HD 210277,"332,3708333","-7,5422222"
HIP 109384 b,"1,56",HIP 109384,"332,1333","71,3144"
2M 2206-20 b,30,2M 2206-20,"331,5958333","-20,785"
K2-66 b,"0,067",K2-66,"331,526700002","-10,7115500232"
WASP-47 b,"1,13",WASP-47,"331,2041667","-12,0188889"
WASP-47 c,"1,31",WASP-47,"331,2041667","-12,0188889"
WASP-47 d,"0,0428",WASP-47,"331,2041667","-12,0188889"
WASP-47 e,"0,029",WASP-47,"331,2041667","-12,0188889"
V391 Peg b,"3,2",V391 Peg,"331,05","26,4188889"
HD 209458 b,"0,69",HD 209458,"330,7916667","18,8844444"
HD 13808 b,"0,0325",HD 13808,"33,1791667","-53,7438889"
HD 13808 c,"0,036",HD 13808,"33,1791667","-53,7438889"
HAT-P-29 b,"0,778",HAT-P-29,"33,1291667","51,7788889"
HD 208897 b,"1,4",HD 208897,"329,748714103","19,0203037532"
HD 208487 b,"0,413",HD 208487,"329,3291667","-37,7636111"
HD 208527 b,"9,9",HD 208527,"329,1","21,24"
WASP-111 b,"1,85",WASP-111,"328,766666668","-22,612500022"
HD 207832 b,"0,56",HD 207832,"328,15","-26,0267"
HD 207832 c,"0,73",HD 207832,"328,15","-26,0267"
WASP-114 b,"1,769",WASP-114,"327,66666668","10,463055575"
HIP 107773 b,"1,98",HIP 107773,"327,5","-64,712500024"
CFBDSIR J2149-0403,21,CFBDSIR J2149-0403,"327,446666682","-4,0524722252"
HD 206893 b,"22,5",HD 206893,"326,341666674","-12,783333349"
HN Peg b,16,HN Peg,"326,1291667","14,7719444"
HD 206610 b,"2,2",HD 206610,"325,8541667","-7,4083333"
2M 2140+16 b,20,2M 2140+16,"325,1208333","16,4216667"
HAT-P-17 b,"0,534",HAT-P-17,"324,5375","30,4886111"
HAT-P-17 c,"1,4",HAT-P-17,"324,5375","30,4886111"
HD 205739 b,"1,37",HD 205739,"324,5333333","-31,7375"
GJ 832 b,"0,689047604065",GJ 832,"323,3916667","-49,0088889"
GJ 832 c,"0,015731680458107",GJ 832,"323,3916667","-49,0088889"
HD 204941 b,"0,266",HD 204941,"323,1","-20,9575"
HD 204313 b,"4,28",HD 204313,"322,05","-21,7263889"
HD 204313 c,"0,0553",HD 204313,"322,05","-21,7263889"
HD 204313 d,"1,68",HD 204313,"322,05","-21,7263889"
HIP 105854 b,"8,2",HIP 105854,"321,595833341","-37,829444471"
2M J2126-81 b,"13,3",TYC 9486-927-1,"321,366666676","-81,64111113"
GJ 86 A b,"4,01",GJ 86,"32,6080593836","-50,8237272164"
HD 13189 b,14,HD 13189,"32,4166667","32,3163889"
GJ 3138 b,"0,0132",GJ 3138,"32,2954166703","-16,339583345"
GJ 3138 c,"0,0056",GJ 3138,"32,2954166703","-16,339583345"
GJ 3138 d,"0,033",GJ 3138,"32,2954166703","-16,339583345"
WASP-73 b,"1,88",WASP-73,"319,950000016","-57,851111096"
HD 202206 B,"93,6",HD 202206,"318,7375","-20,7891667"
HD 202206 c,"17,9",HD 202206,"318,7375","-20,7891667"
WASP-46 b,"2,101",WASP-46,"318,7375","-55,8716667"
BD+14 4559 b,"1,47",BD+14 4559,"318,4","14,6894444"
MASCARA-1 b,"3,7",MASCARA-1,"317,551551671","10,7388750191"
HU Aqr (AB) c,"5,9",HU Aqr (AB),"316,9916667","-5,2947222"
HATS-13 b,"0,543",HATS-13,"316,962500017","-26,096666679"
HD 200964 b,"1,85",HD 200964,"316,6666667","3,8030556"
HD 200964 c,"0,895",HD 200964,"316,6666667","3,8030556"
HAT-P-65 b,"0,527",HAT-P-65,"315,904166679","11,989444469"
WASP-90 b,"0,63",WASP-90,"315,5333","7,0567"
WASP-70 A b,"0,59",WASP-70 A,"315,475000018","-13,433333355"
WASP-69 b,"0,26",WASP-69,"315,025000002","-5,094444455"
18 Del b,"10,3",18 Del,"314,6083333","10,8391667"
WASP-133 b,"1,16",WASP-133,"314,575000006","-35,796666693"
KELT-16 b,"2,75",KELT-16,"314,268479168","31,6609916885"
WASP-89 b,"5,9",WASP-89,"313,900000012","-18,971111134"
WASP-94 B b,"0,618",WASP-94 B,"313,78816667","-34,1355277822"
WASP-94 A b,"0,452",WASP-94 A,"313,783083336","-34,1355277822"
HATS-14 b,"1,071",HATS-14,"313,216666684","-25,687222239"
PSR J2051-0827 b,"28,3",PSR J2051-0827,"312,783333336","-8,460555573"
HATS-3 b,"1,071",HATS-3,"312,4583","-24,4289"
HATS-15 b,"2,17",HATS-15,"311,092500007","-19,4375277898"
WASP-7 b,"0,96",WASP-7,"311,0416667","-39,2252778"
HD 196067 b,"6,9",HD 196067,"310,4333333","-75,3508333"
WASP-53 b,"2,132",WASP-53,"31,9092500127","-20,661944467"
WASP-53 c,"16,35",WASP-53,"31,9092500127","-20,661944467"
alf Ari b,"1,8",alf Ari,"31,7916667","23,4622222"
HD 12661 b,"2,3",HD 12661,"31,1416667","25,4141667"
HD 12661 c,"1,57",HD 12661,"31,1416667","25,4141667"
HAT-P-32 b,"0,941",HAT-P-32,"31,04166667","46,6877778"
HD 196885 A b,"2,98",HD 196885 A,"309,9625","11,2494444"
HD 197037 b,"0,79",HD 197037,"309,8875","42,2486111"
WASP-88 b,"0,56",WASP-88,"309,512500001","-47,538055537"
HD 196050 b,"2,83",HD 196050,"309,4625","-60,6344444"
WASP-2 b,"0,847",WASP-2,"307,725","6,4294444"
HD 195019 b,"3,7",HD 195019,"307,0708333","18,77"
HAT-P-23 b,"2,09",HAT-P-23,"306,125","16,7622222"
WASP-110 b,"0,515",WASP-110,"305,87500001","-44,058333341"
HAT-P-49 b,"1,73",HAT-P-49,"305,441666682","26,692777799"
TrES-5 ,"1,778",TrES-5,"305,2208333","59,4491667"
WASP-68 b,"0,95",WASP-68,"305,095763341","-19,3146925178"
WASP-74 b,"0,97",WASP-74,"304,54166667","-1,075833342"
WASP-81 b,"0,729",WASP-81 ,"304,207875017","3,2940833476"
WASP-81 c,"56,6",WASP-81 ,"304,207875017","3,2940833476"
HD 192699 b,"2,5",HD 192699,"304,025","4,5808333"
GJ 785 b,"0,0532",GJ 785,"303,8208333","-27,0330556"
GJ 785 c,"0,076",GJ 785,"303,8208333","-27,0330556"
HD 192263 b,"0,733",HD 192263,"303,5","-0,8669444"
Qatar-1 b,"1,33",Qatar-1,"303,3833333","65,1619444"
HAT-P-34 b,"3,328",HAT-P-34,"303,1958333","18,105"
WASP-80 b,"0,554",WASP-80,"303,1667","-2,1456"
HD 190984 b,"3,1",HD 190984,"302,8791667","-64,6205556"
HD 191806 b,"8,52",HD 191806,"302,367916676","52,2763305686"
HD 190647 b,"1,9",HD 190647,"301,8333333","-35,5386111"
HD 189567 b,"0,0316",HD 189567,"301,3875","-67,3208333"
HD 190360 b,"1,495",HD 190360,"300,9041667","29,8966667"
HD 190360 c,"0,06381",HD 190360,"300,9041667","29,8966667"
Kepler-106 b,"0,00047",Kepler-106,"300,863958342","44,3375555656"
Kepler-106 c,"0,03285",Kepler-106,"300,863958342","44,3375555656"
Kepler-106 d,"0,025",Kepler-106,"300,863958342","44,3375555656"
Kepler-106 e,"0,03514",Kepler-106,"300,863958342","44,3375555656"
HD 190228 b,"65,7",HD 190228,"300,75","28,3066667"
Kepler-79 b,"0,034285",Kepler-79,"300,51712","44,38158"
Kepler-79 c,"0,018558",Kepler-79,"300,51712","44,38158"
Kepler-79 d,"0,018872",Kepler-79,"300,51712","44,38158"
Kepler-79 e,"0,0129",Kepler-79,"300,51712","44,38158"
HD 189733 b,"1,142",HD 189733,"300,1791667","22,7108333"
Kepler-44 b,"1,02",Kepler-44,"300,1041667","45,7622222"
HD 12484 b,"2,98",HD 12484,"30,612500009","2,815833362"
HD 1160 b,79,HD 1160,"3,9875","4,2511111"
WASP-32 b,"3,6",WASP-32,"3,9625","1,2005556"
WASP-44 b,"0,889",WASP-44,"3,9041667","-11,9380556"
HD 984 b,65,HD 984,"3,54166667","-7,199166683"
PSR B1957+20 b,22,PSR B1957+20,"299,904166679","20,804166686"
KIC 7917485 b,"11,8",KIC 7917485,"299,434583348","43,6326111362"
Kepler-5 b,"2,114",Kepler-5,"299,4083333","44,035"
Kepler-305 b,"0,0356",Kepler-305,"299,225","40,3431"
Kepler-305 c,"0,0192",Kepler-305,"299,225","40,3431"
Kepler-48 b,"0,0124",Kepler-48,"299,1375","40,9489"
Kepler-48 c,"0,04597",Kepler-48,"299,1375","40,9489"
Kepler-48 d,"0,025",Kepler-48,"299,1375","40,9489"
Kepler-48 e,"2,067",Kepler-48,"299,1375","40,9489"
Kepler-539 b,"0,97",Kepler-539,"299,120833343","41,866666684"
Kepler-539 c,"2,4",Kepler-539,"299,120833343","41,866666684"
Kepler-445 b,"0,02",Kepler-445,"298,737500019","46,498611133"
Kepler-445 c,"0,027",Kepler-445,"298,737500019","46,498611133"
Kepler-445 d,"0,011",Kepler-445,"298,737500019","46,498611133"
Kepler-424 b,"1,03",Kepler-424,"298,624958343","48,57745002"
Kepler-424 c,"6,97",Kepler-424,"298,624958343","48,57745002"
ksi Aql b,"2,02",ksi Aql,"298,5625","8,4613889"
Kepler-17 b,"2,45",Kepler-17,"298,3958333","47,815"
Kepler-29 b,"0,0142",Kepler-29,"298,35","47,4911111"
Kepler-29 c,"0,013",Kepler-29,"298,35","47,4911111"
Kepler-64 (AB) b,"0,53",Kepler-64 (AB),"298,2167","39,955"
Kepler-1647 (AB) b,"1,52",Kepler-1647 (AB),"298,150000012","40,656111129"
Kepler-18 b,"0,021615328949438",Kepler-18,"298,0791667","44,7463889"
Kepler-18 c,"0,054116980775887",Kepler-18,"298,0791667","44,7463889"
Kepler-18 d,"0,051285278293427",Kepler-18,"298,0791667","44,7463889"
HD 188015 b,"1,26",HD 188015,"298,0166667","28,1002778"
Kepler-87 b,"1,02",KOI-1574,"297,9167","46,965"
Kepler-87 c,"0,0201",KOI-1574,"297,9167","46,965"
Kepler-32 b,"4,1",Kepler-32,"297,8416667","46,5741667"
Kepler-32 c,"0,5",Kepler-32,"297,8416667","46,5741667"
Kepler-307 b,"0,0234",Kepler-307,"297,7958","40,4178"
Kepler-307 c,"0,01147",Kepler-307,"297,7958","40,4178"
HAT-P-11 b,"0,0824340056005",HAT-P-11,"297,7083333","48,0808333"
Kepler-433 b,"2,82",Kepler-433,"297,5916667","40,9772222"
Kepler-289 b,"0,023",Kepler-289,"297,4653321","42,882851"
Kepler-289 c,"0,013",Kepler-289,"297,4653321","42,882851"
Kepler-289 d,"0,415",Kepler-289,"297,4653321","42,882851"
Kepler-448 b,10,KOI-12,"297,453716683","41,010997231"
HD 187085 b,"0,75",HD 187085,"297,3875","-37,7805556"
Kepler-89 b,"0,033",KOI-94,"297,3333","41,8911"
Kepler-89 c,"0,049",KOI-94,"297,3333","41,8911"
Kepler-89 d,"0,164",KOI-94,"297,3333","41,8911"
Kepler-89 e,"0,041",KOI-94,"297,3333","41,8911"
HAT-P-41 b,"0,8",HAT-P-41,"297,3208","4,6725"
Kepler-11 b,"0,00597803857408",Kepler-11,"297,1166667","41,9091667"
Kepler-11 c,"0,0091243746657",Kepler-11,"297,1166667","41,9091667"
Kepler-11 d,"0,0229682534688",Kepler-11,"297,1166667","41,9091667"
Kepler-11 e,"0,03",Kepler-11,"297,1166667","41,9091667"
Kepler-11 f,"0,00629267218324",Kepler-11,"297,1166667","41,9091667"
Kepler-11 g,"0,95",Kepler-11,"297,1166667","41,9091667"
Kepler-96 b,"0,027",Kepler-96,"297,069625006","40,525138906"
KOI-2700 b,"0,00270584903879",KOI-2700,"297,004166667","44,775000022"
Kepler-39 b,18,Kepler-39,"296,9583333","46,0344444"
Kepler-6 b,"0,669",Kepler-6,"296,8375","48,24"
Kepler-40 b,"2,2",Kepler-40,"296,8125","47,5266667"
HD 187123 b,"0,52",HD 187123,"296,7375","34,4208333"
HD 187123 c,"1,99",HD 187123,"296,7375","34,4208333"
HATS-35 b,"1,222",HATS-35,"296,687500015","-63,565555579"
KOI-620.02,"0,0239121542963",Kepler-51,"296,4792","49,9378"
Kepler-51 b,"0,0066073057924",Kepler-51,"296,4792","49,9378"
Kepler-51 c,"0,0125853443665",Kepler-51,"296,4792","49,9378"
Kepler-34 (AB)  b,"0,219928892804",Kepler-34 (AB),"296,4375","44,6416667"
HIP 97233 b,20,HIP 97233,"296,420833347","-0,696666691"
Kepler-58 b,"1,39",Kepler-58,"296,3583","39,1153"
Kepler-58 c,"2,19",Kepler-58,"296,3583","39,1153"
Kepler-70  b,"0,014",KOI-55,"296,3541667","41,0927778"
Kepler-70 c,"0,0021",KOI-55,"296,3541667","41,0927778"
Kepler-15 b,"0,66",Kepler-15,"296,200604183","49,1400944525"
Kepler-396 b,"0,22",Kepler-396,"296,1333","48,8106"
Kepler-396 c,"0,053",Kepler-396,"296,1333","48,8106"
Kepler-80 b,"0,0218",Kepler-80,"296,1125","39,9788889"
Kepler-80 c,"0,0212",Kepler-80,"296,1125","39,9788889"
Kepler-80 d,"0,0212",Kepler-80,"296,1125","39,9788889"
Kepler-80 e,"0,013",Kepler-80,"296,1125","39,9788889"
WASP-67 b,"0,42",WASP-67,"295,7458333","-19,9494444"
16 Cyg B b,"1,68",16 Cyg B,"295,4625","50,5175"
Kepler-1625 b,10,Kepler-1625,"295,429347","39,886547"
Kepler-419 b,"2,5",KOI-1474,"295,4166667","51,1847222"
Kepler-419 c,"7,3",KOI-1474,"295,4166667","51,1847222"
Kepler-197 c,"0,017",Kepler-197,"295,2264405","50,559006"
HATS-8 b,"0,138",HATS-8,"294,941666682","-25,74833336"
KELT-20 b,"3,518",HD 185603,"294,661396263","31,2192261175"
2M 1938+46 b,"1,9",2M  1938+46,"294,637500011","46,066388903"
HATS-33 b,"1,192",HATS-33,"294,633333344","-55,330000017"
Kepler-41  b,"0,49",Kepler-41,"294,5125","45,9816667"
Kepler-35 (AB) b,"0,126797344492",Kepler-35 (AB),"294,4958333","46,69"
KOI-1089.02,"0,64",Kepler-418,"294,433333348","38,355555567"
Kepler-418 b,"1,1",Kepler-418,"294,433333348","38,355555567"
HATS-10 b,"0,526",HATS-10,"294,308333338","-22,204444452"
HD 185269 b,"0,94",HD 185269,"294,3","28,5"
Kepler-23 b,"0,0478",Kepler-23,"294,2166667","49,4791667"
Kepler-23 c,"0,189",Kepler-23,"294,2166667","49,4791667"
Kepler-23 d,"0,055",Kepler-23,"294,2166667","49,4791667"
Kepler-76 b,"1,96",Kepler-76,"294,1917","39,6189"
Kepler-67 b,"0,31",Kepler-67,"294,1542","46,1664"
Kepler-114 b,"0,0220243526413",Kepler-114,"294,1208","48,3494"
Kepler-114 c,"0,125853443665",Kepler-114,"294,1208","48,3494"
Kepler-114 d,"0,0151",Kepler-114,"294,1208","48,3494"
Kepler-31 c,"4,7",Kepler-31,"294,025","45,8530556"
WTS-1 b,"4,01",WTS-1,"293,9917","36,2903"
Kepler-66 b,"0,31",Kepler-66,"293,9833","46,6878"
Kepler-56 b,"0,07",Kepler-56,"293,7583","41,8719"
Kepler-56 c,"0,569",Kepler-56,"293,7583","41,8719"
Kepler-56 d,"5,61",Kepler-56,"293,7583","41,8719"
Kepler-78 b,"0,00531730799484",Kepler-78,"293,7417","44,4483"
WTS-2 b,"1,12",WTS-2,"293,733333352","36,815555584"
Kepler-409 b,"0,0692",Kepler-409,"293,679208348","46,852777797"
Kepler-57 b,"18,86",Kepler-57,"293,6417","44,6569"
Kepler-57 c,"6,95",Kepler-57,"293,6417","44,6569"
Kepler-434 b,"2,86",Kepler-434,"293,58637084","42,9289111392"
Kepler-276 c,"0,045",Kepler-276,"293,5667","39,0364"
Kepler-276 d,"0,044",Kepler-276,"293,5667","39,0364"
KOI-415 b,"62,14",KOI-415,"293,306050004","41,6063722393"
KOI-1299 c,"2,63",Kepler-432,"293,283333336","48,285833341"
Kepler-432 b,"5,41",Kepler-432,"293,283333336","48,285833341"
Kepler-74 b,"0,68",Kepler-74,"293,0916667","41,3555556"
HD 231701 b,"1,08",HD 231701,"293,0166667","16,4741667"
Kepler-45 b,"0,505",Kepler-45,"292,875","41,0641667"
Kepler-423 b,"0,595",Kepler-423,"292,855666675","46,3911777917"
Kepler-167 d,"0,006",Kepler-167,"292,65844725","38,345413"
Kepler-167 e,4,Kepler-167,"292,65844725","38,345413"
Kepler-435 b,"0,84",Kepler-435,"292,2875","43,1972222"
HAT-P-7 b,"1,741",HAT-P-7,"292,2458333","47,9694444"
Kepler-27 b,"9,11",Kepler-27,"292,2375","41,0858333"
Kepler-27 c,"13,8",Kepler-27,"292,2375","41,0858333"
Kepler-42 b,"0,009",Kepler-42,"292,2208333","44,6194444"
Kepler-42 c,"0,006",Kepler-42,"292,2208333","44,6194444"
Kepler-42 d,"0,003",Kepler-42,"292,2208333","44,6194444"
Kepler-28 b,"1,51",Kepler-28,"292,1375","42,4294444"
Kepler-28 c,"1,36",Kepler-28,"292,1375","42,4294444"
HD 183263 b,"3,67",HD 183263,"292,1","8,3577778"
HD 183263 c,"3,82",HD 183263,"292,1","8,3577778"
CoRoT-3 b,"21,77",CoRoT-3,"292,0541667","0,1219444"
Kepler-406 b,"0,02",Kepler-406,"291,848041675","44,9682222428"
Kepler-406 c,"0,00853",Kepler-406,"291,848041675","44,9682222428"
CoRoT-2 b,"3,31",CoRoT-2,"291,7791667","1,3838889"
CoRoT-8 b,"0,215838655885",CoRoT-8,"291,5875","1,4266667"
HAT-36 b,"2,79",HATS-36,"291,478500018","-23,202777784"
Kepler-93 b,"0,0126",Kepler-93,"291,420833347","38,672500018"
Kepler-145 b,"0,108",Kepler-145,"291,3875","44,5292"
Kepler-145 c,"0,234",Kepler-145,"291,3875","44,5292"
Kepler-100 b,"0,0231",Kepler-100,"291,385833344","41,990000025"
Kepler-100 c,"0,0027",Kepler-100,"291,385833344","41,990000025"
Kepler-100 d,"0,0094",Kepler-100,"291,385833344","41,990000025"
HD 181433 b,"0,0238",HD 181433,"291,2916667","-66,4688889"
HD 181433 c,"0,64",HD 181433,"291,2916667","-66,4688889"
HD 181433 d,"0,54",HD 181433,"291,2916667","-66,4688889"
Kepler-36 b,"0,014032658968631",Kepler-36,"291,25","49,2319444"
Kepler-36 c,"0,0254149",Kepler-36,"291,25","49,2319444"
Kepler-420 A b,"1,45",Kepler-420 A,"291,225000018","44,594166687"
WASP-48 b,"0,98",WASP-48,"291,1625","55,4730556"
Kepler-88 b,"0,0273731239971",Kepler-88,"291,15","40,6694"
Kepler-88 c,"0,626869808164",Kepler-88,"291,15","40,6694"
Kepler-75 b,"9,9",Kepler-75,"291,1375","36,5775"
CoRoT-10 b,"2,75",CoRoT-10,"291,0625","0,7461111"
Kepler-68 b,"0,0188",Kepler-68,"291,033333336","49,040277784"
Kepler-68 c,"0,00686",Kepler-68,"291,033333336","49,040277784"
Kepler-68 d,"0,84",Kepler-68,"291,033333336","49,040277784"
Kepler-85 b,"0,0465",Kepler-85,"290,975","45,2903"
Kepler-85 c,"0,059",Kepler-85,"290,975","45,2903"
KIC 12557548 b,"6,30E-05",KIC 12557548,"290,9667","51,5047"
GJ 758 b,45,GJ 758,"290,8916667","33,2219444"
HATS-9 b,"0,839",HATS-9,"290,808333338","-20,149722238"
HD 181720 b,12,HD 181720,"290,7208333","-32,9191667"
HR 7329,35,HR 7329,"290,712500017","-54,423888903"
KOI-830 b,"1,27",KOI-830,"290,58333334","40,57750002"
KIC 5095269(AB) b,"7,698",KIC 5095269(AB),"290,551941671","40,2350222282"
Kepler-53 b,"18,41",Kepler-53,"290,4625","40,5625"
Kepler-53 c,"15,75",Kepler-53,"290,4625","40,5625"
Kepler-19 b,"0,026",Kepler-19,"290,4208333","37,8516667"
Kepler-19 c,"0,0412",Kepler-19,"290,4208333","37,8516667"
Kepler-19 d,"0,0708",Kepler-19,"290,4208333","37,8516667"
Kepler-24 b,"1,6",Kepler-24,"290,4125","38,3438889"
Kepler-24 c,"1,6",Kepler-24,"290,4125","38,3438889"
Kepler-109 b,"0,0041",Kepler-109,"290,392708345","40,284861118"
Kepler-109 c,"0,00698",Kepler-109,"290,392708345","40,284861118"
Kepler-138 b,"0,00021",KOI-314,"290,383333344","43,293055569"
Kepler-138 c,"0,00318",KOI-314,"290,383333344","43,293055569"
Kepler-138 d,"0,00317779945254",KOI-314,"290,383333344","43,293055569"
KOI-188 b,"0,25",KOI-188,"290,358333342","40,56777779"
HD 181342 b,"2,9",HD 181342,"290,2666667","-23,6194444"
HD 11755 b,"6,5",HD 11755,"29,70833335","73,152500005"
HD 11964 b,"0,622",HD 11964,"29,2875","-10,2422222"
HD 11964 c,"0,079",HD 11964,"29,2875","-10,2422222"
WASP-71 b,"2,258",WASP-71,"29,2625","0,7589"
HD 180902 b,"1,6",HD 180902,"289,825","-23,5580556"
Kepler-77 b,"0,43",Kepler-77,"289,607971","44,345421"
WASP-123 b,"0,92",WASP-123,"289,479166685","-32,860000025"
KOI-195 b,"0,34",KOI-195,"289,433333348","49,473333348"
HATS-11 b,"0,85",HATS-11,"289,400000012","-22,390000013"
EPIC 219388192 b,"36,5",EPIC 219388192,"289,391666678","-16,871666688"
Kepler-46 b,"0,885",Kepler-46,"289,2708333","42,6041667"
Kepler-46 c,"0,362",Kepler-46,"289,2708333","42,6041667"
Kepler-22 b,"0,11",Kepler-22,"289,2166667","47,8844444"
HATS-12 b,"2,4",HATS-12,"289,204166683","-19,355833345"
Kepler-92 b,"0,189",Kepler-92,"289,0875","41,5631"
Kepler-92 c,"0,0179",Kepler-92,"289,0875","41,5631"
Kepler-16 (AB) b,"0,333",Kepler-16 (AB),"289,075","51,7575"
EPIC 218916923 b,"0,381",EPIC 218916923,"289,066666672","-17,910555582"
Kepler-60 b,"0,01317",Kepler-60,"288,9625","42,265"
Kepler-60 c,"0,0121",Kepler-60,"288,9625","42,265"
Kepler-60 d,"0,0131",Kepler-60,"288,9625","42,265"
HD 179949 b,"0,92",HD 179949,"288,8875","-24,1791667"
Kepler-103 b,"0,031",Kepler-103,"288,859541675","40,0645277904"
Kepler-103 c,"0,114",Kepler-103,"288,859541675","40,0645277904"
HD 180314 b,22,HD 180314,"288,7083333","31,8602778"
Kepler-65 c,"0,084",Kepler-65,"288,6875","41,1511358333"
Kepler-7 b,"0,433",Kepler-7,"288,5833333","41,0897222"
Kepler-131 b,"0,05075",Kepler-131,"288,530833336","40,9423055814"
Kepler-131 c,"0,026",Kepler-131,"288,530833336","40,9423055814"
Kepler-413 (AB) b,"0,210804518139",Kepler-413 (AB),"288,5125","51,1625"
Kepler-328 b,"0,069",Kepler-328,"288,3125","46,7714"
Kepler-328 c,"0,1",Kepler-328,"288,3125","46,7714"
KOI-192 b,"0,29",KOI-192,"288,254166667","43,705000018"
Kepler-150 f,"0,0283",Kepler-150,"288,23406975","40,520905"
Kepler-50 b,"0,1",Kepler-50,"288,1","50,0336"
Kepler-50 c,"0,11",Kepler-50,"288,1","50,0336"
FL Lyr b,9,FL Lyr,"288,020833335","46,324166679"
Kepler-113 b,"0,0368",Kepler-113,"287,99787502","50,9443333608"
Kepler-113 c,"0,027",Kepler-113,"287,99787502","50,9443333608"
Kepler-238 e,"0,626",Kepler-238,"287,8958","40,6378"
Kepler-238 f,"0,056",Kepler-238,"287,8958","40,6378"
Kepler-105 c,"0,014",Kepler-105,"287,88732915","46,276237"
HD 179079 b,"0,08",HD 179079,"287,7916667","-2,6383333"
Kepler-14 b,"8,4",Kepler-14,"287,7083333","47,3330556"
Kepler-20 b,"0,0305",Kepler-20,"287,7","42,3386111"
Kepler-20 c,"0,04012",Kepler-20,"287,7","42,3386111"
Kepler-20 d,"0,03168",Kepler-20,"287,7","42,3386111"
Kepler-20 e,"0,0097",Kepler-20,"287,7","42,3386111"
Kepler-20 f,"0,045",Kepler-20,"287,7","42,3386111"
Kepler-20 g,"0,0628",Kepler-20,"287,7","42,3386111"
Kepler-454 b,"0,0215",Kepler-454,"287,479166685","38,228888903"
Kepler-454 c,"4,46",Kepler-454,"287,479166685","38,228888903"
Kepler-279 c,"0,171",Kepler-279,"287,3917","42,195"
Kepler-279 d,"0,13",Kepler-279,"287,3917","42,195"
Kepler-21 b,"0,016",Kepler-21,"287,3625","38,7138889"
HD 180777 b,25,HD 180777,"287,2916667","76,5605556"
HD 178911 B b,"6,292",HD 178911 B,"287,2625","34,5997222"
Kepler-59 b,"2,05",Kepler-59,"287,0375","46,64"
Kepler-59 c,"1,37",Kepler-59,"287,0375","46,64"
Kepler-13 A b,"6,6",Kepler-13,"286,9708333","46,8683333"
Kepler-38 (AB) b,"0,38",Kepler-38 (AB),"286,8292","42,2792"
TrES-2 ,"1,253",TrES-2,"286,8083333","49,3163889"
Kepler-52 b,"8,7",Kepler-52,"286,7375","49,9758"
Kepler-52 c,"10,41",Kepler-52,"286,7375","49,9758"
Kepler-25 b,"0,028",Kepler-25,"286,6375","39,4877778"
Kepler-25 c,"0,045",Kepler-25,"286,6375","39,4877778"
Kepler-25 d,"0,282855614637",Kepler-25,"286,6375","39,4877778"
Kepler-277 b,"0,28",Kepler-277,"286,5833","39,0772"
Kepler-277 c,"0,21",Kepler-277,"286,5833","39,0772"
HATS-23 b,"1,47",HATS-23,"286,366666676","-50,067500002"
HD 177830 b,"1,49",HD 177830,"286,3333333","25,9205556"
HD 177830 c,"0,15",HD 177830,"286,3333333","25,9205556"
Kepler-12 b,"0,431",Kepler-12,"286,243445853","50,0403472285"
Kepler-412 b,"0,939",Kepler-412,"286,108333342","43,680833358"
Kepler-177 b,"0,00535",Kepler-177,"286,0458","45,0533"
Kepler-177 c,"0,0198",Kepler-177,"286,0458","45,0533"
TrES-1 ,"0,761",TrES-1,"286,0375","36,6325"
Kepler-10 b,"0,0104772991851",Kepler-10,"285,6791667","50,2413889"
Kepler-10 c,"0,0541183663676",Kepler-10,"285,6791667","50,2413889"
Kepler-91 b,"0,73",Kepler-91,"285,670833347","44,116666669"
Kepler-4 b,"0,082434005600478",Kepler-4,"285,6166667","50,1358333"
Kepler-9 b,"0,141899757732",Kepler-9,"285,575","38,4008333"
Kepler-9 c,"0,0975364188403",Kepler-9,"285,575","38,4008333"
Kepler-9 d,"0,016518264481",Kepler-9,"285,575","38,4008333"
Kepler-350 c,"0,0176",Kepler-350,"285,4208","39,7061"
Kepler-350 d,"0,048",Kepler-350,"285,4208","39,7061"
Kepler-30 b,"0,036",Kepler-30,"285,2833333","38,9472222"
Kepler-30 c,"2,01",Kepler-30,"285,2833333","38,9472222"
Kepler-30 d,"0,073",Kepler-30,"285,2833333","38,9472222"
HD 175607 b,"0,0283",HD 175607,"285,270833335","-66,192777789"
Kepler-447 b,"1,37",Kepler-447,"285,266666668","48,560000019"
Kepler-43 b,"3,23",Kepler-43,"285,2416667","46,6683333"
KOI-1843 b,"0,001",KOI-1843,"285,0125","40,2208"
HD 175167 b,"7,8",HD 175167,"285,0041667","-69,9441667"
EPIC 216468514 b,"0,84",EPIC 216468514,"284,985375019","-22,2934027915"
Kepler-26 b,"0,00875",Kepler-26,"284,9416667","46,5666667"
Kepler-26 c,"0,01949",Kepler-26,"284,9416667","46,5666667"
Kepler-408 b,"0,02",Kepler-408,"284,787500003","48,423055569"
Kepler-37 b,"0,00874681433471",Kepler-37,"284,59625","44,51817"
Kepler-37 c,"0,0314633609162",Kepler-37,"284,59625","44,51817"
Kepler-37 d,"0,0383853003178",Kepler-37,"284,59625","44,51817"
KELT-10 b,"0,679",KELT-10,"284,545833337","-47,003333336"
Kepler-95 b,"0,041",Kepler-95,"284,482458352","44,3980277972"
HATS-28 b,"0,672",HATS-28,"284,400000012","-49,138472229"
HAT-P-37 b,"1,169",HAT-P-37,"284,2958333","51,2691667"
HD 176051 b,"1,5",HD 176051,"284,2583333","32,9013889"
HD 175541 b,"0,61",HD 175541,"283,9208333","4,2652778"
KELT-8 b,"0,874",KELT-8,"283,304166671","24,127500011"
PZ Tel b,62,PZ Tel,"283,275","-50,1805556"
HD 175370 b,"4,6",HD 175370,"283,25","43,713611136"
Kepler-453 (AB) b,"0,03",Kepler-453 A,"283,241295853","46,378472239"
Kepler-62 b,"0,028",Kepler-62,"283,2125","45,3499"
Kepler-62 c,"0,0126",Kepler-62,"283,2125","45,3499"
Kepler-62 d,"0,044",Kepler-62,"283,2125","45,3499"
Kepler-62 e,"0,113",Kepler-62,"283,2125","45,3499"
Kepler-62 f,"0,11",Kepler-62,"283,2125","45,3499"
Kepler-338 b,"0,0963",Kepler-338,"282,9789429","40,784348"
Kepler-338 e,"0,027",Kepler-338,"282,9789429","40,784348"
Kepler-422 b,"0,43",Kepler-422,"282,62962501","46,3233611228"
Kepler-128 b,"0,0941",Kepler-128,"282,4917","43,9803"
Kepler-128 c,"0,104",Kepler-128,"282,4917","43,9803"
Kepler-446 b,"0,014",Kepler-446,"282,25","44,921111133"
Kepler-446 c,"0,009",Kepler-446,"282,25","44,921111133"
Kepler-446 d,"0,01",Kepler-446,"282,25","44,921111133"
HAT-P-57 b,"1,85",HAT-P-57,"282,241666686","10,597222245"
Kepler-102 b,"0,0013",Kepler-102,"281,482727","47,208031"
Kepler-102 c,"0,009",Kepler-102,"281,482727","47,208031"
Kepler-102 d,"0,0082",Kepler-102,"281,482727","47,208031"
Kepler-102 e,"0,0281",Kepler-102,"281,482727","47,208031"
Kepler-102 f,"0,002",Kepler-102,"281,482727","47,208031"
Kepler-8 b,"0,603",Kepler-8,"281,2875","42,4511111"
Kepler-94 b,"0,03411",Kepler-94,"281,194750016","47,4971389096"
Kepler-94 c,"9,836",Kepler-94,"281,194750016","47,4971389096"
CoRoT-6 b,"2,96",CoRoT-6,"281,075","6,6633333"
HD 173416 b,"2,7",HD 173416,"280,9","36,5566667"
CoRoT-9 b,"0,84",CoRoT-9,"280,7875","6,2041667"
CoRoT-11 b,"2,33",CoRoT-11,"280,6875","5,9377778"
CoRoT-22 b,"0,0383853003178",CoRoT-22,"280,66666668","6,225000011"
CoRoT-25 b,"0,27",CoRoT-25,"280,6292","6,5139"
HATS-21 b,"0,332",HATS-21,"280,183333348","-58,459166683"
HD 11977 b,"6,29",HD 11977,"28,7333333","-67,6472222"
HD 11506 b,"3,44",HD 11506,"28,2125","-19,5069444"
HD 11506 c,"0,82",HD 11506,"28,2125","-19,5069444"
CoRoT-23 b,"2,8",CoRoT-23,"279,782615","4,3578"
CoRoT-26 b,"0,52",CoRoT-26,"279,75","6,97"
CoRoT-33 b,"59,2",CoRoT-33,"279,641666678","5,624722241"
HIP 91258 b,"1,068",HIP 91258,"279,220833351","61,702500016"
CoRoT-29 b,"0,85",CoRoT-29,"278,9042","6,4797"
LSR J1835,55,LSR J1835,"278,75","32,983333353"
CoRoT-17 b,"2,43",CoRoT-17,"278,6958333","-6,6122222"
CoRoT-28 b,"0,484",CoRoT-28,"278,6875","5,5739"
HD 171238 b,"2,6",HD 171238,"278,6833333","-28,0722222"
WASP-3 b,"2,06",WASP-3,"278,6333333","35,6616667"
CoRoT-16 b,"0,535",CoRoT-16,"278,525","-6,0025"
CoRoT-27 b,"10,39",CoRoT-27,"278,4958","5,5386"
BD-11 4672 b,"0,53",BD-11 4672,"278,370833343","-11,636111126"
HD 171028 b,"1,98",HD 171028,"278,0625","6,9458333"
CoRoT-30 b,"2,84",CoRoT-30,"277,600000008","6,835833352"
HD 170469 b,"0,67",HD 170469,"277,2958333","11,6955556"
WISE 1828+2650,"10,25",WISE 1828+2650,"277,129529177","26,8438111362"
HD 169830 b,"2,88",HD 169830,"276,9541667","-29,8166667"
HD 169830 c,"4,04",HD 169830,"276,9541667","-29,8166667"
42 Dra b,"3,88",42 Dra,"276,4958333","65,5636111"
HD169142 b,30,HD169142,"276,124104177","-29,780508082"
HD 168746 b,"0,23",HD 168746,"275,4541667","-11,9225"
HD 168443 b,"7,659",HD 168443,"275,0166667","-9,5927778"
HD 168443 c,"29,463",HD 168443,"275,0166667","-9,5927778"
WASP-58 b,"0,89",WASP-58,"274,7","45,1719"
HAT-P-5 b,"1,06",HAT-P-5,"274,405412512","36,6213555716"
HAT-P-45 b,"0,892",HAT-P-45,"274,375","-3,3811"
HD 166724 b,"3,53",HD 166724,"273,5","-42,5752778"
HD 167042 b,"1,6",HD 167042,"272,6333333","54,2866667"
MOA-2007-BLG-400L b,"0,9",MOA-2007-BLG-400L,"272,425","-29,2241667"
OGLE-2016-BLG-1112L b,"31,7",OGLE-2014-BLG-1112,"272,151291679","-28,6658055812"
OGLE-2012-BLG-0950L b,"0,11",OGLE-2012-BLG-0950L,"272,019250002","-29,7315833596"
MOA-2007-BLG-192L b,"0,01",MOA-2007-BLG-192L,"272,0166667","-27,15"
MOA-2010-BLG-117 b,"0,51",MOA-2010-BLG-117,"271,95695835","-25,3446389046"
 OGLE-2016-BLG-1469L b,"13,6",OGLE-2016-BLG-1469L,"271,945750016","-26,2898888998"
MOA-2007-BLG-197L b,41,MOA-2007-BLG-197L,"271,770833335","-31,946388918"
MOA-2009-BLG-319 b,"0,157",MOA-2009-BLG-319,"271,7416667","-26,8197222"
HAT-P-31 b,"2,171",HAT-P-31,"271,5375","26,4266667"
MOA-2010-BLG-477L b,"1,5",MOA-2010-BLG-477L,"271,5291667","-31,4544444"
OGLE-2005-169L b,"0,0444",OGLE-2005-169L,"271,5208333","-30,7325"
OGLE-2012-BLG-0563L b,"0,39",OGLE-2012-BLG-0563L,"271,490500019","-27,7120000236"
HD 165155 b,"2,89",HD 165155,"271,487500019","-29,917222241"
MOA-2016-BLG-227L b,"2,3",MOA-2016-BLG-227L,"271,475000018","-27,714166692"
OGLE-2007-BLG-349(AB) b,"0,25",OGLE-2007-BLG-349(AB),"271,350000008","-26,421944457"
OGLE-2003-BLG-235L b,"2,6",OGLE-2003-BLG-235L,"271,3166667","-28,895"
MOA-2010-BLG-353L b,"0,27",MOA-2010-BLG-353L,"271,304166671","-27,293333347"
MOA-2011-BLG-322L b,"7,8",MOA-2011-BLG-322,"271,225","-27,2208"
MOA-2013-BLG-220L b,"0,188780165497278",MOA-2013-BLG-220L,"270,987500019","-28,455277758"
MOA-2011-BLG-028L b,"0,094",MOA-2011-BLGL-028L,"270,858333342","-29,213333348"
HD 164604 b,"2,7",HD 164604,"270,7791667","-28,5605556"
HD 164922 b,"0,3385",HD 164922,"270,625","26,3127778"
HD 164922 c,"0,0406",HD 164922,"270,625","26,3127778"
OGLE-2014-BLG-0124L b,"0,64",OGLE-2014-BLG-0124L,"270,620833343","-28,396388907"
OGLE-2014-BLG-0257L b,36,OGLE-2014-BLG-0257L,"270,450000016","-28,261944459"
HAT-P-46 b,"0,493",HAT-P-46,"270,4458","-2,9708333"
HAT-P-46 c,2,HAT-P-46,"270,4458","-2,9708333"
MOA-2012-BLG-006 b,"8,4",MOA-2012-BLG-006,"270,441666682","-29,108888898"
HD 164509 b,"0,48",HD 164509,"270,3791667","0,1044444"
OGLE-2015-BLG-0954L b,"4,4",OGLE-2015-BLG-0954L,"270,183333348","-28,660833355"
HD 164595 b,"0,0516",HD 164595,"270,162500013","29,57194446"
MOA-2011-BLG-262L b,"0,0566340496492",MOA-2011-BLG-262L,"270,095833341","-30,754722208"
HIP 8541 b,"5,59",HIP 8541,"27,525000002","-54,465000021"
OGLE-2008-BLG-355L b,"4,6",OGLE-2008-BLG-355L,"269,786708336","-29,2405277552"
OGLE-2013-BLG-0132L b,"0,29",OGLE-2013-BLG-0132L,"269,764625001","-28,4210277896"
SWEEPS-11 ,"9,7",SWEEPS-11,"269,7625","-29,1983333"
nu Oph b,24,nu Oph,"269,7583333","-9,7736111"
nu Oph c,27,nu Oph,"269,7583333","-9,7736111"
SWEEPS-04 ,"3,8",SWEEPS-04,"269,725","-29,1891667"
MOA-2008-BLG-379L b,"4,1",MOA-2008-BLG-379L,"269,704166683","-29,803055541"
Kepler-282 d,"0,204",Kepler-282,"269,6792","44,7975"
Kepler-282 e,"0,192",Kepler-282,"269,6792","44,7975"
MOA-2013-BLG-605L b,"0,066",MOA-2013-BLG-605L,"269,679166681","-29,398333353"
OGLE-2015-BLG-0051L b,"0,72",OGLE-2015-BLG-0051,"269,66254168","-28,0316944568"
MOA-2010-BLG-328L b,"0,029",MOA-2010-BLG-328L,"269,4958","-30,7153"
OGLE-2011-BLG-0265L b,"0,88",OGLE-2011-BLG-0265L,"269,450000016","-27,394444461"
OGLE-2015-BLG-1319L b,45,OGLE-2015-BLG-1319L,"269,441666682","-32,472222236"
OGLE-2014:BLG-1760L b,"0,573",OGLE-2014:BLG-1760L,"269,408333346","-28,963055585"
OGLE-TR-56 b,"1,3",OGLE-TR-56,"269,1458333","-29,5391667"
OGLE-2007-BLG-368L b,"0,0694",OGLE-2007-BLG-368L,"269,1083333","-32,2375"
HD 163296 b,"0,3",HD 163296,"269,087500007","-21,956111135"
HD 163296 c,"0,3",HD 163296,"269,087500007","-21,956111135"
OGLE-2012-BLG-0724L b,"0,47",OGLE-2012-BLG-0724L,"268,966666684","-29,818611129"
MOA-2011-BLG-293L b,"4,8",MOA-2011-BLG-293L,"268,9125","-28,4769444"
HATS-24 b,"2,44",HATS-24,"268,891666678","-61,747222248"
OGLE-2016-BLG-1195L b,"0,0045",OGLE-BLG-1195L,"268,850000008","-30,207222232"
OGLE-2015-BLG-0966L b,"0,066",OGLE-2015-BLG-0966L,"268,754166667","-29,047222234"
MOA-2011-BLG-274 b,"0,8",MOA-2011-BLG-274,"268,675000014","-28,91638892"
OGLE-2009-BLG-151L b,"7,5",OGLE-2009-BLG-151L,"268,5917","-29,0558"
OGLE-2005-390L b,"0,017",OGLE-2005-390L,"268,5791667","-30,3772222"
MOA-2008-BLG-310L b,"0,23",MOA-2008-BLG-310L,"268,5583333","-34,7780556"
MOA-2009-BLG-387L b,"2,6",MOA-2009-BLG-387L,"268,4625","-33,9902778"
HD 163607 b,"0,77",HD 163607,"268,4166667","56,3919444"
HD 163607 c,"2,29",HD 163607,"268,4166667","56,3919444"
OGLE-2013-BLG-1761L b,"2,8",OGLE-2013-BLG-1761L,"268,408333346","-28,895277805"
OGLE-2012-BLG-0406L b,"2,73",OGLE-2012-BLG-0406L,"268,325","-30,4711"
TrES-4 ,"0,917",TrES-4,"268,3041667","37,2116667"
OGLE-2006-109L b,"0,727",OGLE-2006-109L,"268,1458333","-30,0877778"
OGLE-2006-109L c,"0,271",OGLE-2006-109L,"268,1458333","-30,0877778"
MOA-2012-BLG-505L b,"6,7",MOA-2012-BLG-505L,"268,141666678","-32,040000006"
OGLE-2013-BLG-1721 b,"0,64",OGL-2013-BLG-1721L,"268,126541677","-30,2926944576"
OGLE-2014-BLG-0676L b,"3,09",OGLE-2014-BLG-0676L,"268,104166675","-30,548333356"
OGLE-2013-BLG-0102L b,"13,6",OGLE-2013-BLG-0102L,"268,029500002","-31,6905833528"
TrES-3 ,"1,91",TrES-3,"268,0291667","37,5461111"
OGLE-2013-BLG-0341L b,"0,00522291791209",OGLE-2013-BLG-0341L,"268,029166669","-29,846111138"
OGLE-2017-BLG-0173,"9,08",OGLE-2017-BLG-0173,"267,970833351","-29,271388898"
OGLE-TR-10 b,"0,68",OGLE-TR-10,"267,8666667","-29,8761111"
OGLE-2016-BLG-596L b,"12,2",OGLE-2016-BLG-0596L,"267,803375004","-30,8498333632"
MOA-bin-1 b,"3,7",MOA-bin-1,"267,7916667","-29,7938889"
OGLE-2011-BLG-0420L b,"9,4",OGLE-2011-BLG-0420L,"267,7333","-29,825"
HD 162020 b,"14,4",HD 162020,"267,6583333","-40,3183333"
WASP-86 b,"0,821",WASP-86,"267,640491678","36,5702194586"
OGLE-2005-071L b,"3,5",OGLE-2005-071L,"267,5375","-34,6730556"
OGLE-2016-BLG-0693L b,49,OGLE-2016-BLG-0693,"267,480375018","-23,0399444504"
WASP-135 b,"1,9",WASP-135,"267,283333336","29,879166694"
MOA-2009-BLG-266L b,"0,0327",MOA-2009-BLG-266L,"267,025","-35,0052778"
OGLE-2008-BLG-092L b,"0,18",OGLE-2008-BLG-092L,"266,872583343","-34,7265555778"
mu Ara b,"1,676",mu Ara,"266,0333333","-51,8338889"
mu Ara c,"0,03321",mu Ara,"266,0333333","-51,8338889"
mu Ara d,"0,5219",mu Ara,"266,0333333","-51,8338889"
mu Ara e,"1,814",mu Ara,"266,0333333","-51,8338889"
OGLE-2012-BLG-0358L b,"1,85",OGLE-2012-BLG-0358L,"265,6958","-24,2611"
HD 162004 b,"1,53",HD 162004,"265,491666686","72,156944453"
HD 160508 b,48,HD 160508,"264,804166671","26,757500021"
HD 159868 b,"2,1",HD 159868,"264,75","-43,1455556"
HD 159868 c,"0,73",HD 159868,"264,75","-43,1455556"
OGLE-2011-BLG-0251L b,"0,96",OGLE-2011-BLG-0251L,"264,559083338","-27,1361388938"
HAT-P-55 b,"0,582",HAT-P-55,"264,273000002","25,7311944704"
GJ 682 b,"0,0138438788031",GJ 682,"264,265260085","-43,6807861861"
GJ 682 c,"0,027365121",GJ 682,"264,265260085","-43,6807861861"
GJ 687 b,"0,058",GJ 687,"264,108333342","68,339166678"
OGLE-2012-BLG-0026L b,"0,11",OGLE-2012-BLG-0026L,"263,5792","-27,1428"
OGLE-2012-BLG-0026L c,"0,68",OGLE-2012-BLG-0026L,"263,5792","-27,1428"
HD 159243 b,"1,13",HD 159243,"263,341666674","5,700833348"
HD 159243 c,"1,9",HD 159243,"263,341666674","5,700833348"
GJ 676 A b,"6,7",GJ 676 A,"262,5458333","-51,6369444"
GJ 676 A c,"6,8",GJ 676 A,"262,5458333","-51,6369444"
GJ 676 A d,"0,014",GJ 676 A,"262,5458333","-51,6369444"
GJ 676 A e,"0,036",GJ 676 A,"262,5458333","-51,6369444"
GJ 674 b,"0,04",GJ 674,"262,1666667","-46,8952778"
HD 158038 b,"1,8",HD 158038,"261,4375","27,3033333"
HD 157172 b,"0,12",HD 157172,"260,6458333","-19,6161111"
HAT-P-14 b,"2,2",HAT-P-14,"260,1166667","38,2422222"
WASP-76 b,"0,92",WASP-76,"26,6333","2,7006"
HD 10697 b,"6,83",HD 10697,"26,2291667","20,0830556"
tau Cet e,"0,0124",tau Cet,"26,0167","-15,9375"
tau Cet f,"0,0124",tau Cet,"26,0167","-15,9375"
tau Cet g,"0,00551",tau Cet,"26,0167","-15,9375"
tau Cet h,"0,00576",tau Cet,"26,0167","-15,9375"
HD 156411 b,"0,74",HD 156411,"259,9625","-48,5494444"
PSR 1719-14 b,1,PSR 1719-14,"259,7916667","-14,6336111"
GJ 667 C b,"0,0176",GJ 667 C,"259,7375","-34,9897222"
GJ 667 C c,"0,012",GJ 667 C,"259,7375","-34,9897222"
GJ 667 C d,"0,01604",GJ 667 C,"259,7375","-34,9897222"
GJ 667 C e,"0,0085",GJ 667 C,"259,7375","-34,9897222"
GJ 667 C f,"0,0085",GJ 667 C,"259,7375","-34,9897222"
GJ 667 C g,"0,0145",GJ 667 C,"259,7375","-34,9897222"
HD 156668 b,"0,0131",HD 156668,"259,4166667","29,2272222"
GJ 3998 b,"0,00777",GJ 3998,"259,004166667","11,058333341"
GJ 3998 c,"0,0197",GJ 3998,"259,004166667","11,058333341"
GJ 1214 b,"0,0203253311519",GJ 1214,"258,8291667","4,9638889"
HD 156279 b,"9,71",HD 156279,"258,0958333","63,3522222"
HD 154857 b,"2,24",HD 154857,"257,8125","-56,6805556"
HD 154857 c,"2,58",HD 154857,"257,8125","-56,6805556"
WISE 1711+3500 b,18,WISE 1711+3500,"257,770833335","35,010277786"
HD 155233 b,"2,6",HD 155233,"257,766666668","-20,654444461"
HD 154672 b,"5,02",HD 154672,"257,5208333","-56,4491667"
HD 155358 b,"0,85",HD 155358,"257,3958333","33,3558333"
HD 155358 c,"0,82",HD 155358,"257,3958333","33,3558333"
V2051 Oph b,"7,3",V2051 Oph,"257,079500006","-25,8088055786"
HAT-P-67 b,"0,34",HAT-P-67,"256,612500009","44,776944468"
HAT-P-18 b,"0,183",HAT-P-18,"256,35","33,0125"
HD 153950 b,"2,73",HD 153950,"256,1291667","-43,3097222"
HD 154088 b,"0,0193",HD 154088,"256,1166667","-28,5827778"
HD 154345 b,"1,3",HD 154345,"255,65","47,0819444"
GJ 649 b,"0,328",GJ 649,"254,5375","25,7441667"
GJ 649 c,"0,03",GJ 649,"254,5375","25,7441667"
HD 152581 b,"1,5",HD 152581,"253,4333333","11,9736111"
HD 152079 b,3,HD 152079,"253,375","-46,3308333"
K2-32 b,"0,0519",EPIC 205071984,"252,426112514","-19,5428000182"
K2-32 c,"0,04",EPIC 205071984,"252,426112514","-19,5428000182"
K2-32 d,"0,0343",EPIC 205071984,"252,426112514","-19,5428000182"
HD 150433 b,"0,168",HD 150433,"250,2833333","-2,8572222"
BD+20 274 c,"4,2",BD+20 274,"25,9208333","21,005"
HD 10647 b,"0,93",HD 10647,"25,6208333","-53,7408333"
HD 10442 b,"2,1",HD 10442,"25,4714266844","2,70437918417"
WASP-103 b,"1,49",WASP-103,"249,316666672","7,183333337"
HD 149143 b,"1,33",HD 149143,"248,2125","2,0847222"
HD 150706 b,"2,71",HD 150706,"247,8208333","79,7897222"
ROXs 42B b,9,ROXs 42B,"247,8125","-24,5456"
HD 149026 b,"0,357",HD 149026,"247,6208333","38,3472222"
Wolf 1061 b,"0,00601",Wolf 1061,"247,575241798","-12,6625898008"
Wolf 1061 c,"0,0107",Wolf 1061,"247,575241798","-12,6625898008"
Wolf 1061 d,"0,0242",Wolf 1061,"247,575241798","-12,6625898008"
HD 148427 b,"0,96",HD 148427,"247,1166667","-13,3997222"
HD 148156 b,"0,85",HD 148156,"247,0708333","-46,3175"
SR 12 AB c,13,SR 12 (AB),"246,8333333","-24,6944444"
WASP-92 b,"0,805",WASP-92,"246,692000015","51,0411666736"
ROXs 12 b,16,ROXs 12,"246,604166675","-24,543333319"
HD 147873 b,"5,14",HD 147873,"246,437500015","-33,453611123"
HD 147873 c,"2,3",HD 147873,"246,437500015","-33,453611123"
GJ 625 b,"0,0095",GJ 625,"246,354166675","54,303333342"
HD 147513 b,"1,21",HD 147513,"246,0041667","-39,1927778"
PSR B1620-26 b,"2,5",PSR B1620-26,"245,9083333","-26,5313889"
HD 147018 b,"2,12",HD 147018,"245,75","-61,6888889"
HD 147018 c,"6,56",HD 147018,"245,75","-61,6888889"
11 Oph b,21,11 Oph,"245,6041667","-24,0872222"
GSC 6214-210 b,17,GSC 6214-210,"245,4791667","-20,7186111"
K2-31 b,"1,774",K2-31 ,"245,440837515","-23,547866689"
HAT-P-2 b,"8,74",HAT-P-2,"245,15","41,0480556"
WASP-38 b,"2,712",WASP-38,"243,9583333","10,0325"
HD 145934 b,"2,28",HD 145934,"243,29166667","13,239444454"
USco1612-1800 b,26,USco1612-1800,"243,2042","-18,01375"
HIP 79431 b,"2,1",HIP 79431,"243,175","-18,8755556"
HD 145377 b,"5,76",HD 145377,"242,9","-27,0780556"
AS 205 A b,"19,25",AS 205A,"242,879166677","-18,640277796"
USco1610-1913 b,20,USco1610-1913,"242,6333","-19,219055"
14 Her b,"4,64",14 Her,"242,5958333","43,8216667"
K2-24 b,"0,0661",KE-24 ,"242,575000006","-24,990277803"
K2-24 c,"0,085",KE-24 ,"242,575000006","-24,990277803"
K2-33 b,"3,6",EPIC 205117205,"242,562500005","-19,319166675"
HD 142022 A b,29,HD 142022 A,"242,5625","-84,2313889"
HD 145457 b,"2,9",HD 145457,"242,5166667","26,7427778"
1RXS 1609 b,14,1RXS1609,"242,375","-21,0827778"
GJ 3942 b,"0,0225",GJ 3942,"242,262500001","52,943888916"
UScoCTIO 108 b,14,UScoCTIO 108,"241,475","-18,3119444"
USco1602-2401 b,47,USco1602-2401,"240,7125","-24,030666"
XO-1 b,"0,9",XO-1,"240,55","28,1697222"
HIP 78530 b,"23,04",HIP 78530,"240,4791667","-21,9802778"
HD 143361 b,"3,12",HD 143361,"240,4583333","-44,4344444"
HD 143761 b,"1,045",HD 143761,"240,262500001","33,30361112"
HD 143761 c,"0,079",HD 143761,"240,262500001","33,30361112"
BD+15 2940 b,"1,11",BD+15 2940,"240,0958","15,5469"
WASP-97 b,"1,32",WASP-97,"24,6042","-55,7719"
HD 10180 c,"0,041217",HD 10180,"24,475","-60,5116667"
HD 10180 d,"0,03696945",HD 10180,"24,475","-60,5116667"
HD 10180 e,"0,07897304",HD 10180,"24,475","-60,5116667"
HD 10180 f,"0,07519743",HD 10180,"24,475","-60,5116667"
HD 10180 g,"0,06733159",HD 10180,"24,475","-60,5116667"
HD 10180 h,"0,202624",HD 10180,"24,475","-60,5116667"
WASP-18 b,"10,43",WASP-18,"24,3541667","-45,6777778"
SIMP0136+0933,"12,7",SIMP0136+0933 ,"24,2359166855","9,5631389104"
ups And b,"0,62",ups And,"24,2","41,4105556"
ups And c,"9,1",ups And,"24,2","41,4105556"
ups And d,"23,58",ups And,"24,2","41,4105556"
ups And e,"1,059",ups And,"24,2","41,4105556"
WASP-105 b,"1,8",WASP-105,"24,16666668","-50,658888909"
WASP-17 b,"0,486",WASP-17,"239,9625","-28,0616667"
HD 142415 b,"1,62",HD 142415,"239,4166667","-60,2"
eps CrB b,"6,7",eps CrB,"239,3958","26,8778"
HIP 77900 b,20,HIP 77900,"238,625","-27,3386"
HD 143105 b,"1,21",HD 143105,"238,404166679","68,720000017"
HD 142245 b,"1,9",HD 142245,"238,2333333","15,4308333"
NN Ser (AB) c,"6,91",NN Ser (AB),"238,2333333","12,9130556"
NN Ser (AB) d,"2,28",NN Ser (AB),"238,2333333","12,9130556"
HD 141937 b,"9,7",HD 141937,"238,0708333","-18,4358333"
kappa CrB b,"1,6",kappa CrB,"237,8083333","35,6575"
ome Ser b,"1,7",ome Ser,"237,575","2,1964"
HD 330075 b,"0,62",HD 330075,"237,4041667","-49,9633333"
GQ Lup b,"21,5",GQ Lup,"237,3","-35,6508333"
HD 141399 b,"0,451",HD 141399,"236,725000018","46,986388911"
HD 141399 c,"1,33",HD 141399,"236,725000018","46,986388911"
HD 141399 d,"1,18",HD 141399,"236,725000018","46,986388911"
HD 141399 e,"0,66",HD 141399,"236,725000018","46,986388911"
NLTT 41135,"33,7",NLTT 41135,"236,516666668","4,691666687"
HD 137388 b,"0,223",HD 137388,"233,9166667","-80,2047222"
HD 139357 b,"9,76",HD 139357,"233,8166667","53,9222222"
omi CrB b,"1,5",omi  CrB,"233,675","26,7147"
WASP-109 b,"0,91",WASP-109,"232,054166671","-16,41083335"
HIP 75458 b,"9,39",HIP 75458,"231,2291667","58,9658333"
HD 136352 b,"0,0166",HD 136352,"230,45","-48,3175"
HD 136352 c,"0,0358",HD 136352,"230,45","-48,3175"
HD 136352 d,"0,03",HD 136352,"230,45","-48,3175"
HD 9446 b,"0,7",HD 9446,"23,3333333","29,2652778"
HD 9446 c,"1,82",HD 9446,"23,3333333","29,2652778"
HD 9578 b,"0,62",HD 9578,"23,3208333","-38,245"
HAT-P-4 b,"0,68",HAT-P-4,"229,9916667","36,2297222"
GJ 581 b,"0,05",GJ 581,"229,8583333","-7,7222222"
GJ 581 c,"0,017",GJ 581,"229,8583333","-7,7222222"
GJ 581 e,"0,0061",GJ 581,"229,8583333","-7,7222222"
HD 136418 b,2,HD 136418,"229,7791667","41,7333333"
HIP 74890 b,"2,4",HIP 74890,"229,570833339","-41,420555567"
HIP 74865 b,28,HIP 74865,"229,483333352","-30,478055574"
beta Cir b,56,beta Cir,"229,379166677","-58,801111128"
11 UMi b,"10,5",11 UMi,"229,275","71,8238889"
HD 134606 b,"0,0292",HD 134606,"228,8125","-70,5197222"
HD 134606 c,"0,0382",HD 134606,"228,8125","-70,5197222"
HD 134606 d,"0,121",HD 134606,"228,8125","-70,5197222"
HD 134987 b,"1,59",HD 134987,"228,3666667","-25,3091667"
HD 134987 c,"0,82",HD 134987,"228,3666667","-25,3091667"
HD 134060 b,"0,0351",HD 134060,"227,6875","-61,4222222"
HD 134060 c,"0,1507",HD 134060,"227,6875","-61,4222222"
WASP-24 b,"1,071",WASP-24,"227,2166667","2,3433333"
HD 134113 b,47,HD 134113,"226,945833349","8,87972225"
HIP 73990 b,21,HIP 73990,"226,812500005","-29,504444458"
HIP 73990 c,22,HIP 73990,"226,812500005","-29,504444458"
HD 133131 A b,"1,43",HD 133131 A,"225,899193804","-27,8409866895"
HD 133131 A c,"0,48",HD 133131 A,"225,899193804","-27,8409866895"
HD 133131 B b,"2,5",HD 133131 B,"225,899193804","-27,8409866895"
WASP-113 b,"0,475",WASP-113,"224,870833343","46,960000027"
CFBDS 1458 ,"25,2",CFBDS 1458,"224,6208333","10,2286111"
CFBDS 1458 b,"10,5",CFBDS 1458,"224,6208333","10,2286111"
HD 132563 B b,"1,49",HD 132563B,"224,5875","44,0433333"
GJ 570 D,"42,5",GJ 570 ABC,"224,366666676","-21,415277798"
HD 132406 b,"5,61",HD 132406,"224,2291667","53,3822222"
8 Umi b,"1,5",8 Umi,"224,200000016","74,900833352"
WASP-57 b,"0,8",WASP-57,"223,820083339","-2,05765000712"
HD 131496 b,"2,2",HD 131496,"223,3458333","18,2352778"
HAT-P-27-WASP-40 b,"0,66",HAT-P-27-WASP-40,"222,7666667","5,9472222"
beta Umi b,"6,1",beta Umi,"222,675000014","74,155555563"
WASP-37 b,"1,8",WASP-37,"221,9458333","1,065"
HD 130322 b,"1,05",HD 130322,"221,8875","0,2813889"
HD 129445 b,"1,6",HD 129445,"221,5125","-68,7625"
HD 9174 b,"1,11",HD 9174,"22,504166667","-19,60444446"
alf Cen B b,"0,0036",alpha Cen B,"219,8958","-60,8375"
HD 128356 b,"0,89",HD 128356,"219,270833335","-25,802500018"
HD 128311 b,"2,18",HD 128311,219,"9,7463889"
HD 128311 c,"4,19",HD 128311,219,"9,7463889"
J1433 b,"57,1",J1433,"218,325000006","10,189722231"
WASP-14 b,"7,341",WASP-14,"218,275","21,8947222"
WASP-132 b,"0,41",WASP-132,"217,608333342","-46,159166677"
Proxima Cen b,"0,004",Proxima Centauri,"217,429166681","-62,679444468"
HIP 70849 b,9,HIP 70849,"217,3291667","-46,4638889"
WASP-39 b,"0,28",WASP-39,"217,325","-3,4444444"
HD 126525 b,"0,224",HD 126525,"216,8875","-51,9330556"
HD 126614 b,"0,38",HD 126614,"216,7","-5,1777778"
KELT-18 b,"1,18",KELT-18,"216,525000002","59,444166684"
HD 125595 b,"0,042",HD 125595,"215,3458333","-40,3938889"
HD 125612 b,3,HD 125612,"215,225","-17,4813889"
HD 125612 c,"0,058",HD 125612,"215,225","-17,4813889"
HD 125612 d,"7,2",HD 125612,"215,225","-17,4813889"
WASP-16 b,"0,855",WASP-16,"214,6833333","-20,2755556"
HAT-P-26 b,"0,0585218513042",HAT-P-26,"213,156404179","4,06003612014"
HAT-P-44 b,"0,392",HAT-P-44,"213,1458","47,0147"
HAT-P-44 c,"1,6",HAT-P-44,"213,1458","47,0147"
1SWASP J1407 b,20,1SWASP J1407,"211,950000016","-39,761944469"
HD 122562 b,24,HD 122562,"210,587500007","20,881388918"
HIP 68468 b,"0,011",HIP 68468,"210,266666668","-32,756944465"
HIP 68468 c,"0,094",HIP 68468,"210,266666668","-32,756944465"
GJ 536 b,"0,0169",GJ 536,"210,262500001","-2,655000017"
WASP-131 b,"0,27",WASP-131,"210,191666682","-30,583611123"
HAT-P-53 b,"1,487",HAT-P-53,"21,870833343","38,968055576"
HD 8673 b,"14,2",HD 8673,"21,5333333","34,5794444"
HD 8574 b,"2,11",HD 8574,"21,3","28,5666667"
HAT-P-51 b,"0,309",HAT-P-51,"21,066666672","32,810833358"
HAT-P-12 b,"0,210489884529",HAT-P-12,"209,3916667","43,4936111"
HD 121504 b,"1,22",HD 121504,"209,3208333","-56,04"
WASP-15 b,"0,542",WASP-15,"208,9291667","-32,1597222"
HATS-7 b,"0,12",HATS-7,"208,857000009","-21,2076944546"
K2-99 b,"0,97",EPIC 212803289,"208,773750002","-5,44246668264"
HIP 67851 b,"1,38",HIP 67851,"208,466666684","-35,314444462"
HIP 67851 c,"5,98",HIP 67851,"208,466666684","-35,314444462"
HATS-25 b,"0,613",HATS-25,"207,907500013","-23,7811666936"
Qatar-2 b,"2,487",Qatar-2,"207,6541667","-6,8038889"
HIP 67537 b,"11,1",HIP 67537,"207,579166673","-39,900833352"
K2-110 b,"0,0525",K2-110,"207,349541675","-12,2844888955"
tau Boo b,"5,84",tau Boo,"206,8208333","17,4561111"
HAT-P-3 b,"0,591",HAT-P-3,"206,0958333","48,0286111"
HD 120084 b,"4,5",HD 120084,"205,7167","78,0617"
HD 119445 b,"37,6",HD 119445,"205,620027843","41,6742842694"
WASP-54 b,"0,6",WASP-54,"205,45428335","-0,12805834478"
NY Vir b,"2,78",NY Vir,"204,7","-2,0302778"
NY Vir c,"4,49",NY Vir,"204,7","-2,0302778"
WASP-55 b,"0,57",WASP-55,"203,758333334","-17,5036111"
OGLE-GD-ECL-11388 b,"12,5",OGLE-GD-ECL-11388,"203,70833335","-64,142222232"
POTS-1 b,"2,31",POTS-1,"203,6083","-66,5811"
HD 118203 b,"2,14",HD 118203,"203,5083333","53,7283333"
HD 117618 b,"0,178",HD 117618,"203,1041667","-47,2711111"
HD 117618 c,"0,2",HD 117618,"203,1041667","-47,2711111"
WASP-130 b,"1,23",WASP-130,"203,104166675","-42,475277794"
HIP 65891 b,6,HIP 65891,"202,604166675","-58,664444469"
HD 117207 b,"2,06",HD 117207,"202,3375","-35,5708333"
70 Vir b,"6,6",70 Vir,"202,1083333","13,7866667"
WASP-157 b,"0,576",WASP-157,"201,654166679","-8,317500007"
HIP 65426,9,HIP 65426,"201,150000012","-51,504444458"
HIP 65407 b,"0,428",HIP 65407,"201,087500007","48,885000019"
HIP 65407 c,"0,784",HIP 65407,"201,087500007","48,885000019"
HD 116029 b,"2,1",HD 116029,"200,1666667","24,6486111"
HD 8535 b,"0,68",HD 8535,"20,9041667","-41,2697222"
2M 0122-24 b,20,2M 0122-24,"20,7125","-24,6142"
HD 7924 b,"0,0273",HD 7924,"20,4958333","76,7102778"
HD 7924 c,"0,0247",HD 7924,"20,4958333","76,7102778"
HD 7924 d,"0,0203",HD 7924,"20,4958333","76,7102778"
HD 564 b,"0,33",HD 564,"2,470833351","-50,267777784"
61 Vir b,"0,016",61 Vir,"199,6","-18,3111111"
61 Vir c,"0,0573",61 Vir,"199,6","-18,3111111"
61 Vir d,"0,072",61 Vir,"199,6","-18,3111111"
GJ 504 b,4,GJ 504,"199,1958","9,4242"
V396 Hya b,"18,3",V396 Hya,"198,193629182","-23,3588555696"
HD 114729 b,"0,84",HD 114729,"198,1833333","-31,8733333"
HD 114783 b,"6,3",HD 114783,"198,1791667","-2,265"
HATS-20 b,"0,273",HATS-20,"198,133333344","-45,590555573"
HD 114762 b,"10,98",HD 114762,"198,0791667","17,5169444"
HD 114613 b,"0,48",HD 114613,"198,012500001","-36,196944426"
HD 114386 b,"1,24",HD 114386,"197,6625","-35,0547222"
HD 114386 c,"1,19",HD 114386,"197,6625","-35,0547222"
GP Com b,"26,2",GP Com,"196,426791681","18,017777779"
HD 113538 b,"0,36",HD 113538,"196,2375","-52,4430556"
HD 113538 c,"0,93",HD 113538,"196,2375","-52,4430556"
WASP-167 b,8,WASP-167,"196,043875004","-35,5495222458"
KELT-6 b,"0,442",KELT-6,"195,9833","30,64"
KELT-6 c,"3,71",KELT-6,"195,9833","30,64"
WASP-108 b,"1,167",WASP-108,"195,829166673","-49,63972224"
HD 113337 b,"2,83",HD 113337,"195,4458","63,6103"
WASP-25 b,"0,58",WASP-25,"195,3583333","-27,5222222"
Ross 458 (AB) c,"11,3",Ross 458 (AB),"195,1958333","12,3758333"
PSR 1257 12 b,7E-05,PSR 1257 12,"195,0166667","12,6822222"
PSR 1257 12 c,"0,013",PSR 1257 12,"195,0166667","12,6822222"
PSR 1257 12 d,"0,012",PSR 1257 12,"195,0166667","12,6822222"
HIP 63242 b,"9,18",HIP 63242,"194,3833","-65,6464"
VHS 1256-1257 b,"11,2",VHS 1256-1257 ,"194,008333334","-12,956666691"
HATS-27 b,"0,53",HATS-27,"193,552500004","-46,5877222374"
38 Vir b,"4,51",38 Vir,"193,296489462","-3,55309929126"
WASP-42 b,"0,5",WASP-42,"192,981545852","-42,0736083402"
HD 111232 b,"6,8",HD 111232,"192,2125","-68,425"
HATS-17 b,"1,338",HATS-17,"192,191666682","-47,613611134"
HATS-31 b,"0,88",HATS-31,"191,704166683","-24,427500017"
HW Vir (AB) b,"14,3",HW Vir (AB),"191,0833333","-8,6713889"
WASP-41 b,"0,94",WASP-41,"190,618737509","-30,6398750179"
WASP-41 c,"3,18",WASP-41,"190,618737509","-30,6398750179"
WASP-83 b,"0,3",WASP-83,"190,154166679","-19,284166673"
WASP-118 b,"0,514",WASP-118,"19,550000004","2,702777794"
EPIC 220504338,"1,28",EPIC 220504338,"19,450000016","6,702222238"
HD 110014 b,"10,7",HD 110014,"189,8083333","-7,9955556"
HD 110014 c,"3,1",HD 110014,"189,8083333","-7,9955556"
HD 109749 b,"0,28",HD 109749,"189,3166667","-40,8119444"
HD 109271 b,"0,054",HD 109271,"188,4","-11,6219"
HD 109271 c,"0,076",HD 109271,"188,4","-11,6219"
WASP-107 b,"0,12",WASP-107,"188,387500011","-10,146111124"
HAT-P-36 b,"1,832",HAT-P-36,"188,2625","44,9152778"
EPIC 228735255 b,"1,019",EPIC 228735255,"188,137333344","-9,607638907"
HD 109246 b,"0,77",HD 109246,"188,0291667","74,4894444"
HD 108874 b,"1,36",HD 108874,"187,6083333","22,8797222"
HD 108874 c,"1,018",HD 108874,"187,6083333","22,8797222"
HD 108863 b,"2,6",HD 108863,"187,5833333","21,9483333"
HD 108341 b,"3,5",HD 108341,"186,879166677","-71,423055569"
 EPIC 22881391 b,"0,7",EPIC 228813918,"186,87072501","-6,19522501318"
HD 108147 b,"0,261",HD 108147,"186,4416667","-64,0219444"
NGC 4349 No 127 b,"19,8",NGC 4349 No 127,"186,0333333","-61,8716667"
WASP-87 A b,"2,21",WASP-87 A,"185,325000006","-52,840833356"
11 Com b,"19,4",11 Com,"185,1791667","17,7927778"
HD 107148 b,"0,21",HD 107148,"184,8041667","-3,3197222"
WISE 1217+16 A b,22,WISE 1217+16 A,"184,487500019","16,444444462"
HD 106906 b,11,HD 106906,"184,470833351","-54,024444418"
HD 106515 A b,"9,61",HD 106515 A,"183,7791667","-7,2572222"
HD 106315 b,"0,0396",HD 106315,"183,470833351","-0,393611127"
HD 106315 c,"0,0478",HD 106315,"183,470833351","-0,393611127"
HD 106270 b,11,HD 106270,"183,4041667","-9,5133333"
HD 106252 b,"32,9",HD 106252,"183,3708333","10,0413889"
WASP-56 b,"0,6",WASP-56,"183,366275009","23,0556388944"
EPIC 228754001 b,"0,495",EPIC 228754001,"182,16641668","-8,74717502574"
2M 1207-39,24,2M 1207-39,"181,8875","-39,5483333"
2M 1207-39 b,4,2M 1207-39,"181,8875","-39,5483333"
HD 104985 b,"8,3",HD 104985,"181,3125","76,9055556"
HD 7449 b,"1,11",HD 7449,"18,6208333","-5,0475"
HD 7449 c,2,HD 7449,"18,6208333","-5,0475"
GU Psc b,11,GU Psc,"18,145833345","17,065555569"
YZ Cet b,"0,0024",YZ Cet,"18,1270833435","-16,998888921"
YZ Cet c,"0,0031",YZ Cet,"18,1270833435","-16,998888921"
YZ Cet d,"0,00359",YZ Cet,"18,1270833435","-16,998888921"
HD 104067 b,"0,186",HD 104067,"179,7916667","-20,3538889"
HD 103774 b,"0,367",HD 103774,"179,2333","-12,1078"
HD 103720 b,"0,62",HD 103720,"179,170833347","-2,778888914"
HD 103197 b,"0,098",HD 103197,"178,2208333","-50,2927778"
HD 102956 b,"0,96",HD 102956,"177,8458333","57,6408333"
BD+03 2562 b,"6,4",BD+03 2562,"177,564802922","2,76013113422"
WD 1145+017 b,"2,10E-06",WD 1145+017,"177,137500011","1,483055578"
HATS-2 b,"1,345",HATS-2,"176,739094","-22,562992"
HD 102329 b,"5,9",HD 102329,"176,6958333","3,4741667"
HD 102365 b,"0,05",HD 102365,"176,6291667","-40,5002778"
HD 102272 b,"5,9",HD 102272,"176,6","14,1238889"
HD 102272 c,"2,6",HD 102272,"176,6","14,1238889"
BD+15 2375 b,"1,06",BD+15 2375,"176,483333352","14,616388914"
HD 102195 b,"0,45",HD 102195,"176,425","2,8213889"
WASP-129 b,1,WASP-129,"176,300000004","-42,063888901"
HD 102117 b,"0,172",HD 102117,"176,2083333","-58,7036111"
HIP 57274 b,"0,036",HIP 57274,"176,1708333","30,9591667"
HIP 57274 c,"0,41",HIP 57274,"176,1708333","30,9591667"
HIP 57274 d,"0,527",HIP 57274,"176,1708333","30,9591667"
WASP-85 b,"1,265",WASP-85,"175,908333346","6,563611133"
HD 101930 b,"0,3",HD 101930,"175,875","-58,0066667"
GJ 436 b,"0,07",GJ 436,"175,5458333","26,7063889"
HATS-1 b,"1,855",HATS-1,"175,525","-23,3547222"
HIP 57050 b,"0,298",HIP 57050,"175,4375","42,7519444"
K2-19 b,"0,187",K2-19,"174,96033335","0,6035833482"
K2-19 c,"0,031",K2-19,"174,96033335","0,6035833482"
EPIC 201295312 b,"0,0379",EPIC 201295312,"174,012500001","-2,520833347"
HATS-22 b,"2,74",HATS-22,"174,008333334","-29,600555568"
HD 100777 b,"1,16",HD 100777,"173,9666667","-4,7558333"
HATS-18 b,"1,98",HATS-18,"173,95833335","-29,156111119"
GJ 433 b,"0,01667",GJ 433,"173,8625","-32,54"
GJ 433 c,"0,14",GJ 433,"173,8625","-32,54"
HD 100655 b,"1,7",HD 100655,"173,7666667","20,4416667"
TWA 5 A (AB) b,25,TWA 5 A (AB),"172,9791667","-34,6075"
K2-18 b,"0,025",K2-18,"172,560461","7,588391"
K2-18 c,"0,0236",K2-18,"172,560461","7,588391"
K2-3  b,"0,026",K2-3,"172,33333334","-1,454722235"
K2-3 c,"0,0066",K2-3,"172,33333334","-1,454722235"
K2-3 d,"0,0349",K2-3,"172,33333334","-1,454722235"
HD 99706 b,"1,4",HD 99706,"172,125","43,9666667"
K2-10 b,"0,085",K2-10,"172,120833343","1,690555575"
HD 99492 b,"0,079",HD 99492,"171,6916667","3,0061111"
K2-27 b,"0,0972",K2-27,"171,516666668","0,330833349"
HAT-P-21 b,"4,063",HAT-P-21,"171,275","41,0280556"
HD 99109 b,"0,502",HD 99109,"171,0708333","-1,5288889"
HD 98649 b,"6,8",HD 98649,"170,2166667","-23,2172222"
HD 7199 b,"0,29",HD 7199,"17,6958333","-66,1880556"
eta Cet b,"2,55",eta Cet,"17,145833345","-10,182222238"
eta Cet c,"3,32",eta Cet,"17,145833345","-10,182222238"
2MASS J11193254 AB,"3,7",2MASS J11193254 AB,"169,885595844","-11,6296389116"
EPIC 201637175 b,"1,4",EPIC 201637175 ,"169,483333352","2,618611125"
HD 98219 b,"1,8",HD 98219,"169,45","-23,9752778"
WASP-31 b,"0,478",WASP-31,"169,4375","-19,0547222"
DP Leo b,"6,05",DP Leo,"169,3166667","17,9613889"
GJ 422 b,"0,0311487273071",GJ 422,"169,000856292","-56,4523336445"
HD 97658 b,"0,0237548374917",HD 97658,"168,6375","25,7102778"
SDSS J1110+0116,11,SDSS J1110+0116,"167,54166667","1,270277786"
OGLE-TR-182 b,"1,06",OGLE-TR-182,"167,3291667","-61,0952778"
OGLE2-TR-L9 b,"4,34",OGLE2-TR-L9,"166,9791667","-61,1461111"
HD 96700 b,"0,0284",HD 96700,"166,975","-30,1744444"
HD 96700 c,"0,04",HD 96700,"166,975","-30,1744444"
CHXR 73 b,12,CHXR 73,"166,6208333","-77,6258333"
HD 96127 b,4,HD 96127,"166,4416667","44,3016667"
WASP-106 b,"1,925",WASP-106,"166,429708348","-5,0794166782"
HD 96167 b,"0,68",HD 96167,"166,3125","-10,2913889"
HD 96063 b,"0,9",HD 96063,"166,1833333","-2,5133333"
CT Cha b,17,CT Cha,"166,0375","-76,4552778"
HD 95872 b,"4,6",HD 95872,"165,866666676","-22,093888899"
Lalande 21185 b,"0,012",Lalande 21185,"165,83333334","35,970000022"
WASP-34 b,"0,59",WASP-34,"165,4","-23,8605556"
HD 95127 b,"5,01",HD 95127,"164,895833345","43,814444472"
47 Uma b,"2,53",47 Uma,"164,8708333","40,4294444"
47 Uma c,"0,54",47 Uma,"164,8708333","40,4294444"
47 Uma d,"1,64",47 Uma,"164,8708333","40,4294444"
HD 95089 b,"1,2",HD 95089,"164,7","1,7291667"
GJ 3634 b,"0,026",GJ 3634,"164,6458333","-31,1441667"
BD-10 3166 b,"0,46",BD-10 3166,"164,6166667","-10,7702778"
HD 95086 b,"4,4",HD 95086,"164,2625","-68,6672"
OGLE-TR-111 b,"0,54",OGLE-TR-111,"163,325","-61,4055556"
OGLE-TR-113 b,"1,24",OGLE-TR-113,"163,1","-61,4466667"
OGLE-TR-132 b,"1,17",OGLE-TR-132,"162,6416667","-61,9569444"
KELT-11 b,"0,195",KELT-11,"161,70833335","-9,399166687"
HD 93385 b,"0,0263",HD 93385,"161,5625","-41,4644444"
HD 93385 c,"0,0318",HD 93385,"161,5625","-41,4644444"
HD 93083 b,"0,37",HD 93083,"161,0833333","-33,5769444"
HD 92788 b,"27,7",HD 92788,"160,7","-2,1836111"
HD 92788 c,"0,9",HD 92788,"160,7","-2,1836111"
WASP-104 b,"1,272",WASP-104,"160,602541675","7,4350833434"
WASP-127 b,"0,18",WASP-127,"160,558666671","-3,8350833514"
OGLE-TR-211 b,"0,75",OGLE-TR-211,"160,0625","-62,4555556"
HD 6718 b,"1,56",HD 6718,"16,9541667","-8,2336111"
HIP 5158 b,"1,44",HIP 5158,"16,5083333","-22,4530556"
HIP 5158 c,"15,04",HIP 5158,"16,5083333","-22,4530556"
HD 6434 b,"0,39",HD 6434,"16,1666667","-39,4880556"
DW Uma b,"10,06",DW Uma,"158,470833351","58,781944472"
WASP-66 b,"2,32",WASP-66,"158,225","-34,9897222"
KELT-4 A b,"0,884",KELT-4 A,"157,062545838","25,573194461"
HD 90156 b,"0,057",HD 90156,"155,9791667","-29,6455556"
24 Sex b,"1,99",24 Sex,"155,8666667","0,9022222"
24 Sex c,"0,86",24 Sex,"155,8666667","0,9022222"
HAT-P-22 b,"2,147",HAT-P-22,"155,6833333","50,1283333"
HD 89744 b,"8,9",HD 89744,"155,5416667","41,2294444"
HD 89744 c,"3,2",HD 89744,"155,5416667","41,2294444"
gamma 1 Leo b,"63,9",gamma 1 Leo,"154,9916667","19,8413889"
WASP-43 b,"2,052",WASP-43,"154,9083333","-9,8063889"
HD 89307 b,2,HD 89307,"154,5875","12,6208333"
TYC+1422-614-1 b,"2,51",TYC+1422-614-1,"154,279166669","19,558333351"
TYC+1422-614-1 c,"10,1",TYC+1422-614-1,"154,279166669","19,558333351"
BD+20 2457 b,"21,42",BD+20 2457,"154,1875","19,8913889"
BD+20 2457 c,"12,47",BD+20 2457,"154,1875","19,8913889"
GJ 1132 b,"0,0051",GJ 1132,"153,716666684","-47,156666675"
HD 88133 b,"0,3",HD 88133,"152,5291667","18,1866667"
HD 87883 b,"81,9",HD 87883,"152,1791667","34,2422222"
PSR J1807-2459 A b,"9,4",PSR J1807-2459 A,"151,83333334","-24,998055587"
HD 87646 A b,"12,4",HD 87646 A,"151,66987043","17,8951036382"
HD 87646 A c,57,HD 87646 A,"151,66987043","17,8951036382"
OY Car b,"8,48",OY Car,"151,591666674","-70,234722228"
HAT-P-66 b,"0,783",HAT-P-66,"150,573000006","53,9508611308"
HD 86950 b,"3,6",HD 86950,"150,408333346","-17,333055575"
BD-08 2823 b,"0,045",BD-08 2823,"150,2","-9,5166667"
BD-08 2823 c,"0,33",BD-08 2823,"150,2","-9,5166667"
2M 0103-55 (AB) b,13,2M 0103-55 (AB),"15,9","-55,2656"
HD 5891 b,"7,6",HD 5891,"15,1375","20,2925"
HD 86264 b,7,HD 86264,"149,2416667","-15,895"
HD 86226 b,"1,5",HD 86226,"149,125","-24,0994444"
HD 86081 b,"1,5",HD 86081,"149,025","-3,8083333"
KELT-3 b,"1,418",KELT-3,"148,6417","40,3881"
WASP-19 b,"1,114",WASP-19,"148,4166667","-45,6591667"
mu Leo b,"2,4",mu Leo,"148,191666682","26,00694445"
HD 85512 b,"0,011",HD 85512,"147,7791667","-43,5027778"
HD 85390 b,"0,132",HD 85390,"147,5083333","-49,7902778"
HD 85390 c,"0,2",HD 85390,"147,5083333","-49,7902778"
HATS-19 b,"0,427",HATS-19,"147,408333346","-33,218611117"
HATS-26 b,"0,65",HATS-26,"144,926833347","-28,5855833468"
HD 83443 b,"0,4",HD 83443,"144,2958333","-43,2719444"
HD 82886 b,"1,3",HD 82886,"143,9375","34,7808333"
HD 82943 b,14,HD 82943,"143,7083333","-12,1294444"
HD 82943 c,"14,4",HD 82943,"143,7083333","-12,1294444"
HD 82943 d,"0,29",HD 82943,"143,7083333","-12,1294444"
HD 81688 b,"1,77",HD 81688,"142,1666667","45,6013889"
HD 81040 b,"6,86",HD 81040,"140,9458333","20,3644444"
HD 80606 b,"3,94",HD 80606,"140,6541667","50,6036111"
WASP-142 b,"0,84",WASP-142,"140,508333334","-23,94611114"
WASP-13 b,"0,485",WASP-13,"140,1041667","33,8825"
HD 5608 b,"1,4",HD 5608,"14,5583","33,9508"
HD 5583 b,"5,78",HD 5583,"14,487500019","34,985555577"
HD 79498 b,"1,34",HD 79498,"138,7875","23,3755556"
HD 233604 b,"6,575",HD 233604,"137,4542","53,5681"
BD+26 1888 b,26,BD+26 1888,"135,629166677","25,889444467"
HAT-P-42 b,"0,975",HAT-P-42,"135,3458","6,0972"
HD 77338 b,"0,5",HD 77338,"135,3","-25,5269"
HD 77065 b,41,HD 77065,"135,195833349","21,453611123"
HATS-29 b,"0,653",HATS-29,"135,096000008","-54,89319447"
WISE 0855-0714,6,WISE 0855-0714,"133,795833337","-7,245277792"
GJ 328 b,"2,3",GJ 328,"133,7833","1,54901111"
HD 76700 b,"0,23",HD 76700,"133,4791667","-66,8008333"
HD 75898 b,"2,51",HD 75898,"133,4625","33,0569444"
WASP-65 b,"1,55",WASP-65,"133,325","8,523"
HR 3549 b,45,HR 3549,"133,266666668","-56,64944447"
55 Cnc b,"0,84",55 Cnc,"133,1541667","28,3338889"
55 Cnc c,"0,1784",55 Cnc,"133,1541667","28,3338889"
55 Cnc d,"3,86",55 Cnc,"133,1541667","28,3338889"
55 Cnc e,"0,02547",55 Cnc,"133,1541667","28,3338889"
55 Cnc f,"0,1479",55 Cnc,"133,1541667","28,3338889"
HD 75784 b,"1,15",HD 75784,"133,099755675","13,2334359492"
HD 75784 c,"5,6",HD 75784,"133,099755675","13,2334359492"
YBP401 b,"0,46",YBP401,"132,829166673","11,671111128"
YBP1194 b,"0,34",YBP1194,"132,754166667","11,81472225"
YBP1514 b,"0,4",YBP1514,"132,754166667","11,886666687"
SAND 364 b,"1,54",SAND364,"132,487500019","11,692500021"
HD 75289 b,"0,47",HD 75289,"131,9166667","-41,7366667"
WASP-36 b,"2,279",WASP-36,"131,579166673","-8,0269444"
WASP-84 b,"0,694",WASP-84,"131,1083","1,8433"
HD 74156 b,"1,778",HD 74156,"130,6041667","4,5780556"
HD 74156 c,"7,997",HD 74156,"130,6041667","4,5780556"
Pr 0211 b,"1,88",Pr 0211,"130,545833337","19,276944458"
Pr 0211 c,"7,95",Pr 0211,"130,545833337","19,276944458"
Pr 0201 b,"0,54",Pr 0201,"130,4333","20,2269"
GJ 317 b,"2,56",GJ 317,"130,2458333","-23,4563889"
GJ 317 c,2,GJ 317,"130,2458333","-23,4563889"
4 Uma b,"7,1",4 Uma,"130,0541667","64,3280556"
HD 5319 b,"1,94",HD 5319,"13,7541667","0,7894444"
HD 5319 c,"1,15",HD 5319,"13,7541667","0,7894444"
K2-106 b,"0,0263",EPIC 220674823,"13,0797796","10,7946987"
K2-106 c,"0,018",EPIC 220674823,"13,0797796","10,7946987"
HAT-P-28 b,"0,626",HAT-P-28,13,"34,7283333"
HAT-P-13 b,"0,85",HAT-P-13,"129,8833333","47,3519444"
HAT-P-13 c,"14,28",HAT-P-13,"129,8833333","47,3519444"
HD 73534 b,"1,15",HD 73534,"129,8166667","12,9602778"
K2-95 b,"1,67",EPIC 211916756,"129,362741676","18,9766861385"
HD 73526 b,"2,25",HD 73526,"129,3166667","-41,3188889"
HD 73526 c,"2,25",HD 73526,"129,3166667","-41,3188889"
HD 73256 b,"1,87",HD 73256,"129,0958333","-30,0375"
HD 73267 b,"3,06",HD 73267,"129,075","-34,46"
HAT-P-43 b,"0,66",HAT-P-43,"128,925","10,2067"
HD 72892 b,"5,45",HD 72892,"128,720833351","-14,456666681"
HD 72659 b,"3,15",HD 72659,"128,5125","-1,5680556"
EPIC 211418729 b,"1,85",EPIC 211418729,"127,882962511","11,9222639117"
K2-97 b,"1,1",K2-97,"127,762854168","10,8475916947"
K2-34 b,"1,78",K2-34,"127,579166673","22,23583334"
omi UMa b,"4,1",omi UMa,"127,5667","60,7181"
EPIC 211442297 b,"0,84",EPIC 211442297,"126,553445838","12,2819361287"
EPIC 211391664 b,"0,101",EPIC 211391664,"126,488287519","11,5111444634"
DE0823-49 b,"31,5",DE0823-49,"125,762500001","-48,799722218"
KELT-17 b,"1,31",KELT-17,"125,616666676","13,735277794"
K2-105 b,"0,094",K2-105,"125,420833347","13,497500021"
HD 70642 b,2,HD 70642,"125,3666667","-39,7052778"
HD 69830 b,"0,143",HD 69830,"124,5958333","-12,6319444"
HD 69830 c,"0,165",HD 69830,"124,5958333","-12,6319444"
HD 69830 d,"0,253",HD 69830,"124,5958333","-12,6319444"
HD 68988 b,"1,86",HD 68988,"124,5916667","61,4605556"
beta Cnc b,"7,8",beta Cnc,"124,129166677","9,185555561"
HAT-P-30-WASP-51 b,"0,711",HAT-P-30-WASP-51,"123,95","5,8366667"
K2-108 b,"0,187",K2-108,"123,383333344","16,419722233"
HAT-P-35 b,"1,054",HAT-P-35,"123,25","4,7869444"
HD 67087 b,"3,06",HD 67087,"121,91666668","31,551388901"
HD 67087 c,"4,85",HD 67087,"121,91666668","31,551388901"
WD 0806-661 B b,8,WD 0806-661B,"121,725","-66,3047222"
HD 68402 b,"3,07",HD 68402,"121,350000008","-74,410555572"
HD 66428 b,"2,82",HD 66428,"120,8666667","-1,1625"
HD 66141 b,6,HD 66141,"120,5667","2,3344"
HD 4747 b,"60,2",HD 4747,"12,3615223839","-23,2124822084"
HD 4732 b,"2,37",HD 4732,"12,3081192546","-24,1366728942"
HD 4732 c,"2,37",HD 4732,"12,3081192546","-24,1366728942"
GJ 3470 b,"0,0437533292587",GJ 3470,"119,775","15,3916667"
HD 65216 b,"1,26",HD 65216,"118,4208333","-63,6472222"
HD 65216 c,"0,17",HD 65216,"118,4208333","-63,6472222"
HAT-P-50 b,"1,36",HAT-P-50,"118,062500005","28,139444452"
KELT-15 b,"0,92",KELT-15,"117,41666668","-52,120555561"
XO-2S b,"0,259",XO-2S,"117,404166699","50,217500005"
XO-2S c,"1,37",XO-2S,"117,404166699","50,217500005"
XO-2N b,"0,62",XO-2N,"117,0291667","50,2258333"
HD 63765 b,"0,64",HD 63765,"116,9583333","-54,2641667"
XO-5 b,"1,077",XO-5,"116,7166667","39,0947222"
2M 0746+20 b,30,2M 0746+20,"116,6791667","20,0088889"
HD 62509 b,"2,9",HD 62509,"116,325","28,0261111"
HD 63454 b,"0,39",HD 63454,"114,8375","-78,2788889"
NGC 2423 3 b,"10,6",NGC 2423 3,"114,2875","-13,9066667"
HAT-P-39 b,"0,599",HAT-P-39,"113,7583","17,83"
HD 60532 b,"9,21",HD 60532,"113,5125","-22,2961111"
HD 60532 c,"21,8",HD 60532,"113,5125","-22,2961111"
HAT-P-33 b,"0,763",HAT-P-33,"113,1833333","33,835"
HD 59686 A b,"6,92",HD 59686 A,"112,95","17,0858333"
HAT-P-20 b,"7,246",HAT-P-20,"111,9166667","24,3363889"
GJ 273 b,"0,00909",GJ 273,"111,852041675","5,2257777894"
GJ 273 c,"0,00371",GJ 273,"111,852041675","5,2257777894"
KELT-19 A b,"4,07",KELT-19 A,"111,512500001","7,615833358"
BD+20 1790 b,"6,37",BD+20 1790,"110,9333333","20,4141667"
XO-4 b,"1,616",XO-4,"110,3875","58,2680556"
HAT-P-9 b,"0,67",HAT-P-9,"110,1666667","37,1405556"
WISE J0720-0846,62,WISE J0720-0846,"110,012500001","-8,78083336"
HD 4313 b,"2,3",HD 4313,"11,4166667","7,845"
LHS 1140 b,"0,0209",LHS 1140,"11,245833353","-15,271388898"
HD 4203 b,"1,82",HD 4203,"11,1708333","20,4488889"
HD 4203 c,"2,17",HD 4203,"11,1708333","20,4488889"
HD 4308 b,"0,0405",HD 4308,"11,1625","-65,6494444"
HD 4208 b,"0,804",HD 4208,"11,1083333","-26,5155556"
HAT-P-24 b,"0,685",HAT-P-24,"108,825","14,2622222"
L2 Pup b,12,L2 Pup,"108,384658761","-44,63973974"
WASP-122 b,"1,401",WASP-122,"108,300000004","-42,409722238"
tau Gem b,"20,6",tau Gem,"107,7833333","30,2452778"
WASP-121 b,"1,184",WASP-121,"107,600000008","-39,097500013"
DW Lyn b,"5,58",DW Lyn,"106,790862503","60,6472583571"
HD 52265 b,"1,05",HD 52265,"105,075","-5,3669444"
HD 52265 c,"0,35",HD 52265,"105,075","-5,3669444"
HD 51608 b,"0,0413",HD 51608,"103,7125","-55,2594444"
HD 51608 c,"0,0565",HD 51608,"103,7125","-55,2594444"
HD 50554 b,"5,16",HD 50554,"103,675","24,2455556"
CoRoT-14 b,"7,6",CoRoT-14,"103,425","-5,5361111"
HD 50499 b,"1,71",HD 50499,"103,0083333","-33,9155556"
HD 49674 b,"0,1",HD 49674,"102,875","40,8675"
CoRoT-13 b,"1,308",CoRoT-13,"102,7208333","-5,0863889"
HR 2562 b,30,HR 2562,"102,504226375","-60,2491437951"
CoRoT-4 b,"0,72",CoRoT-4,"102,1958333","-0,6727778"
CoRoT-1 b,"1,03",CoRoT-1,"102,0791667","-3,1022222"
HATS-45 b,"0,7",HATS-45,"101,994291686","-21,910694471"
CoRoT-24 b,"0,018",CoRoT-24,"101,925000014","-3,719444461"
CoRoT-24 c,"0,088",CoRoT-24,"101,925000014","-3,719444461"
HAT-P-56 b,"2,2",HAT-P-56,"101,350000008","27,252222229"
CoRoT-5 b,"0,467",CoRoT-5,"101,2791667","0,8152778"
WASP-23 b,"0,884",WASP-23,"101,1291667","-42,7619444"
WASP-64 b,"1,2",WASP-64,"101,115041676","-32,8584028015"
CoRoT-21 b,"2,26",CoRoT-21,"101,05245","-0,29913"
CoRoT-7 b,"0,0149",CoRoT-7,"100,9541667","-1,0627778"
CoRoT-7 c,"0,04266",CoRoT-7,"100,9541667","-1,0627778"
CoRoT-12 b,"0,917",CoRoT-12,"100,7666667","-1,2963889"
CoRoT-32 b,"0,15",CoRoT-32,"100,195833349","9,257500011"
HD 48265 b,"1,16",HD 48265,"100,0083333","-48,5419444"
HD 4113 b,"1,56",HD 4113,"10,8041667","-37,9825"
HD 142 b,"1,25",HD 142,"1,5791667","-49,075"
HD 142 c,"5,3",HD 142,"1,5791667","-49,075"
WASP-96 b,"0,48",WASP-96,"1,0458","-47,3606"
HATS-34 b,"0,941",HATS-34,"0,775000002","-62,469444456"
KELT-1 b,"27,38",KELT-1,"0,358333342","39,383611119"
WASP-136 b,"1,51",WASP-136,"0,32570833939","-8,9262778038"
